Gender,Customer Type,Age,Type of Travel,Class,Flight Distance,Inflight wifi service,Online boarding,Seat comfort,Baggage handling,satisfaction
Male,Loyal Customer,65,Business travel,Eco Plus,2472,2,4,3,3,neutral or dissatisfied
Female,Loyal Customer,19,Business travel,Eco Plus,579,4,5,1,3,satisfied
Male,Loyal Customer,23,Business travel,Eco Plus,3264,1,4,5,3,satisfied
Male,disloyal Customer,45,Business travel,Eco,4277,5,3,4,5,satisfied
Male,Loyal Customer,46,Personal Travel,Eco Plus,2969,2,5,5,1,satisfied
Female,Loyal Customer,43,Personal Travel,Business,3193,4,1,2,3,neutral or dissatisfied
Male,disloyal Customer,42,Business travel,Eco,2051,2,2,5,4,satisfied
Male,disloyal Customer,29,Personal Travel,Business,4281,5,2,1,5,satisfied
Male,disloyal Customer,22,Personal Travel,Eco,2661,4,2,5,2,satisfied
Female,disloyal Customer,51,Personal Travel,Eco,4727,4,3,1,1,neutral or dissatisfied
Male,Loyal Customer,65,Business travel,Eco,4431,2,1,2,4,neutral or dissatisfied
Male,Loyal Customer,54,Personal Travel,Eco,2008,2,5,5,3,satisfied
Male,disloyal Customer,32,Business travel,Business,2986,1,5,4,2,neutral or dissatisfied
Male,disloyal Customer,61,Personal Travel,Eco,3195,5,2,4,1,neutral or dissatisfied
Female,Loyal Customer,53,Business travel,Eco,4835,1,1,4,5,neutral or dissatisfied
Male,Loyal Customer,32,Business travel,Eco,3076,4,1,5,2,neutral or dissatisfied
Female,Loyal Customer,60,Personal Travel,Eco Plus,1419,2,1,5,2,neutral or dissatisfied
Female,disloyal Customer,65,Business travel,Eco Plus,3288,4,4,5,4,satisfied
Female,disloyal Customer,40,Personal Travel,Eco,4559,4,4,1,1,neutral or dissatisfied
Male,Loyal Customer,23,Personal Travel,Eco,4543,3,2,2,4,neutral or dissatisfied
Female,Loyal Customer,63,Personal Travel,Business,494,3,1,4,4,neutral or dissatisfied
Male,Loyal Customer,67,Business travel,Eco,962,4,1,1,3,neutral or dissatisfied
Female,disloyal Customer,61,Personal Travel,Eco,779,2,5,4,5,satisfied
Female,disloyal Customer,60,Business travel,Eco,4518,4,5,1,2,neutral or dissatisfied
Female,disloyal Customer,62,Business travel,Eco Plus,1723,3,2,5,1,neutral or dissatisfied
Female,Loyal Customer,38,Personal Travel,Eco,3008,2,1,4,5,neutral or dissatisfied
Female,Loyal Customer,40,Business travel,Eco Plus,3475,4,2,5,5,satisfied
Female,Loyal Customer,60,Business travel,Eco,4114,5,5,4,1,satisfied
Female,Loyal Customer,33,Personal Travel,Business,2314,5,5,3,5,satisfied
Female,disloyal Customer,64,Business travel,Eco,4089,4,4,1,3,neutral or dissatisfied
Male,disloyal Customer,32,Business travel,Eco Plus,2743,2,2,3,5,neutral or dissatisfied
Male,disloyal Customer,42,Personal Travel,Eco,1211,4,2,1,3,neutral or dissatisfied
Female,disloyal Customer,53,Business travel,Eco,3513,4,1,2,2,neutral or dissatisfied
Female,Loyal Customer,28,Personal Travel,Eco Plus,2664,3,1,4,2,neutral or dissatisfied
Female,disloyal Customer,68,Personal Travel,Eco,3929,5,4,2,4,satisfied
Male,disloyal Customer,32,Personal Travel,Business,3772,3,3,2,3,neutral or dissatisfied
Female,disloyal Customer,21,Personal Travel,Business,980,3,3,1,2,neutral or dissatisfied
Male,Loyal Customer,38,Business travel,Business,4951,4,3,3,5,satisfied
Male,Loyal Customer,30,Business travel,Eco,909,3,2,5,1,neutral or dissatisfied
Male,Loyal Customer,39,Personal Travel,Eco Plus,2456,5,2,1,1,neutral or dissatisfied
Male,disloyal Customer,36,Personal Travel,Eco,4166,3,5,5,3,satisfied
Male,Loyal Customer,51,Business travel,Business,671,5,2,2,4,satisfied
Female,Loyal Customer,31,Business travel,Eco Plus,915,3,2,5,5,satisfied
Female,Loyal Customer,21,Business travel,Business,2553,5,2,3,3,satisfied
Female,Loyal Customer,65,Business travel,Eco,4438,3,4,1,1,neutral or dissatisfied
Female,Loyal Customer,69,Personal Travel,Eco Plus,1164,3,2,3,3,neutral or dissatisfied
Female,Loyal Customer,63,Business travel,Eco,1568,2,1,3,5,neutral or dissatisfied
Male,Loyal Customer,44,Personal Travel,Eco Plus,1084,5,1,1,2,neutral or dissatisfied
Female,Loyal Customer,46,Personal Travel,Eco,4871,5,5,3,5,satisfied
Female,disloyal Customer,64,Business travel,Eco Plus,4478,5,4,4,2,satisfied
Male,Loyal Customer,45,Business travel,Eco Plus,2537,1,1,4,2,neutral or dissatisfied
Female,disloyal Customer,52,Business travel,Eco Plus,4354,3,4,4,2,satisfied
Male,Loyal Customer,25,Business travel,Eco,1235,5,4,5,3,satisfied
Female,Loyal Customer,33,Personal Travel,Eco Plus,4280,1,5,3,1,neutral or dissatisfied
Male,disloyal Customer,59,Personal Travel,Eco,2638,2,4,1,3,neutral or dissatisfied
Female,Loyal Customer,53,Personal Travel,Eco,625,5,2,1,1,neutral or dissatisfied
Female,Loyal Customer,47,Business travel,Eco,1834,5,4,5,5,satisfied
Male,Loyal Customer,35,Business travel,Eco,3780,1,5,1,4,neutral or dissatisfied
Male,disloyal Customer,19,Personal Travel,Eco,4161,3,5,4,5,satisfied
Male,Loyal Customer,66,Business travel,Eco Plus,2285,2,5,3,3,satisfied
Male,disloyal Customer,30,Business travel,Eco,4903,5,1,1,3,neutral or dissatisfied
Male,Loyal Customer,21,Business travel,Eco,3078,3,2,1,1,neutral or dissatisfied
Male,Loyal Customer,43,Personal Travel,Business,1570,2,1,2,3,neutral or dissatisfied
Male,Loyal Customer,42,Business travel,Eco,940,4,3,2,2,neutral or dissatisfied
Male,Loyal Customer,47,Personal Travel,Eco Plus,4378,4,2,2,3,neutral or dissatisfied
Female,Loyal Customer,28,Personal Travel,Eco Plus,4961,2,4,3,1,neutral or dissatisfied
Female,Loyal Customer,24,Business travel,Business,1667,1,5,4,1,neutral or dissatisfied
Male,Loyal Customer,48,Business travel,Eco Plus,4342,2,3,4,2,neutral or dissatisfied
Female,disloyal Customer,61,Business travel,Eco Plus,2875,2,2,4,1,neutral or dissatisfied
Female,Loyal Customer,27,Personal Travel,Business,3903,1,1,3,4,neutral or dissatisfied
Female,Loyal Customer,56,Business travel,Eco,1881,1,5,3,5,satisfied
Female,disloyal Customer,30,Business travel,Business,2286,3,1,2,3,neutral or dissatisfied
Male,Loyal Customer,48,Business travel,Eco,2540,3,2,1,4,neutral or dissatisfied
Female,Loyal Customer,24,Personal Travel,Business,4266,1,2,5,3,neutral or dissatisfied
Male,disloyal Customer,66,Business travel,Eco,2405,4,3,5,4,satisfied
Female,disloyal Customer,59,Personal Travel,Eco Plus,428,4,4,1,3,neutral or dissatisfied
Female,Loyal Customer,59,Personal Travel,Eco,4296,2,1,2,2,neutral or dissatisfied
Female,disloyal Customer,53,Business travel,Eco Plus,1151,5,3,1,1,neutral or dissatisfied
Male,Loyal Customer,37,Personal Travel,Eco,4403,2,5,1,1,neutral or dissatisfied
Female,Loyal Customer,21,Business travel,Business,2376,2,4,5,2,satisfied
Male,Loyal Customer,24,Personal Travel,Business,3294,5,3,2,4,satisfied
Female,disloyal Customer,18,Personal Travel,Eco,4044,1,1,3,5,neutral or dissatisfied
Male,Loyal Customer,61,Personal Travel,Business,3056,4,2,5,4,satisfied
Female,Loyal Customer,62,Business travel,Eco Plus,1944,2,5,3,1,neutral or dissatisfied
Male,Loyal Customer,59,Business travel,Eco Plus,4671,5,1,2,5,satisfied
Male,Loyal Customer,64,Business travel,Eco,3444,3,4,1,3,neutral or dissatisfied
Female,Loyal Customer,30,Business travel,Eco,542,2,4,4,5,satisfied
Male,Loyal Customer,39,Business travel,Eco,4385,4,2,4,4,satisfied
Female,Loyal Customer,38,Business travel,Eco,470,1,2,2,2,neutral or dissatisfied
Female,Loyal Customer,39,Business travel,Business,952,2,5,4,3,satisfied
Female,Loyal Customer,45,Business travel,Eco,3812,2,5,3,4,satisfied
Female,Loyal Customer,26,Personal Travel,Business,1799,5,2,4,3,satisfied
Female,Loyal Customer,43,Business travel,Eco,2399,3,2,2,5,neutral or dissatisfied
Female,Loyal Customer,26,Business travel,Eco Plus,2458,3,4,2,1,neutral or dissatisfied
Female,disloyal Customer,32,Business travel,Eco Plus,2272,1,2,3,4,neutral or dissatisfied
Female,Loyal Customer,27,Business travel,Business,4225,4,3,4,2,satisfied
Female,Loyal Customer,41,Personal Travel,Eco,2558,1,1,4,5,neutral or dissatisfied
Female,Loyal Customer,59,Business travel,Eco,4339,2,2,1,4,neutral or dissatisfied
Female,Loyal Customer,25,Personal Travel,Eco,2335,2,5,5,2,satisfied
Male,Loyal Customer,41,Personal Travel,Eco,3571,3,3,2,4,neutral or dissatisfied
Male,Loyal Customer,33,Personal Travel,Eco,1157,4,5,1,5,satisfied
Female,Loyal Customer,66,Personal Travel,Eco,4123,5,3,2,4,satisfied
Female,Loyal Customer,43,Personal Travel,Eco,1349,4,2,1,3,neutral or dissatisfied
Female,Loyal Customer,44,Personal Travel,Eco Plus,4290,2,1,5,5,satisfied
Female,Loyal Customer,54,Business travel,Eco,598,5,5,1,4,satisfied
Female,Loyal Customer,21,Business travel,Eco,1223,4,3,2,1,neutral or dissatisfied
Female,Loyal Customer,67,Business travel,Eco,4532,4,4,4,4,satisfied
Female,Loyal Customer,41,Business travel,Eco Plus,4606,5,2,2,3,neutral or dissatisfied
Female,Loyal Customer,36,Business travel,Business,3099,2,1,3,2,neutral or dissatisfied
Male,Loyal Customer,53,Business travel,Eco Plus,4362,4,2,3,2,neutral or dissatisfied
Female,Loyal Customer,56,Business travel,Eco Plus,4345,5,4,3,2,satisfied
Male,disloyal Customer,27,Business travel,Eco,2102,2,1,3,1,neutral or dissatisfied
Female,Loyal Customer,42,Business travel,Eco Plus,3013,5,4,5,3,satisfied
Female,Loyal Customer,35,Business travel,Eco,4806,5,2,4,5,satisfied
Male,disloyal Customer,36,Business travel,Eco,3153,4,3,4,2,satisfied
Female,disloyal Customer,53,Business travel,Eco Plus,2957,2,2,2,3,neutral or dissatisfied
Male,Loyal Customer,27,Business travel,Business,4822,4,2,1,4,neutral or dissatisfied
Female,Loyal Customer,50,Personal Travel,Eco,3646,1,2,2,1,neutral or dissatisfied
Female,disloyal Customer,67,Business travel,Eco Plus,1771,1,5,2,3,neutral or dissatisfied
Male,disloyal Customer,22,Business travel,Eco Plus,3249,2,4,2,3,neutral or dissatisfied
Female,Loyal Customer,64,Personal Travel,Eco,1241,5,4,2,5,satisfied
Male,Loyal Customer,66,Business travel,Eco,2207,4,4,4,3,satisfied
Female,Loyal Customer,52,Business travel,Eco,1543,4,5,1,5,satisfied
Male,Loyal Customer,61,Personal Travel,Eco,4723,2,3,2,1,neutral or dissatisfied
Male,Loyal Customer,51,Personal Travel,Eco,1766,2,2,4,1,neutral or dissatisfied
Female,Loyal Customer,50,Business travel,Eco,4257,1,3,2,4,neutral or dissatisfied
Female,Loyal Customer,38,Business travel,Eco,2266,3,5,3,5,satisfied
Male,disloyal Customer,34,Personal Travel,Eco Plus,675,2,4,2,5,satisfied
Female,Loyal Customer,39,Business travel,Eco Plus,562,3,2,2,2,neutral or dissatisfied
Female,Loyal Customer,65,Business travel,Business,4662,2,1,5,2,neutral or dissatisfied
Female,disloyal Customer,54,Personal Travel,Eco,3688,5,1,3,4,satisfied
Male,disloyal Customer,32,Business travel,Eco Plus,3695,5,3,1,1,neutral or dissatisfied
Male,Loyal Customer,52,Business travel,Business,2244,1,4,2,2,neutral or dissatisfied
Male,Loyal Customer,45,Business travel,Eco Plus,2193,1,1,1,3,neutral or dissatisfied
Male,Loyal Customer,24,Personal Travel,Eco,3934,3,3,3,1,neutral or dissatisfied
Male,Loyal Customer,49,Business travel,Eco Plus,1952,2,5,2,3,neutral or dissatisfied
Male,Loyal Customer,28,Personal Travel,Eco,4441,4,3,5,5,satisfied
Male,Loyal Customer,27,Business travel,Eco,4192,1,3,4,1,neutral or dissatisfied
Male,Loyal Customer,26,Business travel,Eco Plus,899,4,3,5,4,satisfied
Male,Loyal Customer,31,Business travel,Eco Plus,2212,4,2,5,5,satisfied
Female,Loyal Customer,30,Personal Travel,Eco,1592,2,3,4,5,satisfied
Male,Loyal Customer,42,Business travel,Business,900,3,3,4,3,satisfied
Female,Loyal Customer,19,Business travel,Eco Plus,680,2,2,4,5,satisfied
Female,Loyal Customer,52,Personal Travel,Eco,4513,1,2,2,2,neutral or dissatisfied
Female,Loyal Customer,24,Business travel,Business,3937,4,5,1,1,neutral or dissatisfied
Male,disloyal Customer,38,Personal Travel,Eco,2463,2,4,1,2,neutral or dissatisfied
Male,Loyal Customer,35,Business travel,Business,4655,2,1,4,3,neutral or dissatisfied
Male,Loyal Customer,20,Personal Travel,Eco Plus,1398,2,1,5,3,neutral or dissatisfied
Male,disloyal Customer,59,Business travel,Eco,665,1,3,3,1,neutral or dissatisfied
Female,Loyal Customer,56,Personal Travel,Eco Plus,2870,3,5,4,5,satisfied
Male,Loyal Customer,58,Business travel,Eco Plus,3719,2,3,5,4,satisfied
Male,Loyal Customer,66,Business travel,Eco Plus,2776,1,1,5,3,neutral or dissatisfied
Male,Loyal Customer,28,Business travel,Business,1090,4,2,2,1,neutral or dissatisfied
Male,disloyal Customer,56,Business travel,Eco Plus,3869,5,4,2,4,satisfied
Male,Loyal Customer,41,Business travel,Eco Plus,1046,1,5,1,5,neutral or dissatisfied
Female,Loyal Customer,63,Personal Travel,Business,612,5,2,1,3,neutral or dissatisfied
Male,Loyal Customer,36,Business travel,Eco Plus,4933,2,4,3,1,neutral or dissatisfied
Female,Loyal Customer,21,Personal Travel,Eco,1220,2,5,3,1,neutral or dissatisfied
Male,Loyal Customer,43,Business travel,Business,1377,1,5,3,1,neutral or dissatisfied
Female,Loyal Customer,55,Personal Travel,Eco,3129,5,1,3,3,neutral or dissatisfied
Male,Loyal Customer,59,Business travel,Eco Plus,2681,2,2,5,4,satisfied
Male,disloyal Customer,49,Business travel,Business,3918,4,5,5,1,satisfied
Female,Loyal Customer,56,Personal Travel,Eco Plus,1097,3,5,1,5,satisfied
Female,Loyal Customer,62,Personal Travel,Eco Plus,4743,3,4,2,1,neutral or dissatisfied
Female,Loyal Customer,63,Business travel,Eco Plus,572,2,1,2,4,neutral or dissatisfied
Male,Loyal Customer,53,Business travel,Eco,3310,5,3,4,3,satisfied
Female,Loyal Customer,57,Business travel,Business,2073,2,1,5,1,neutral or dissatisfied
Male,Loyal Customer,54,Personal Travel,Eco,2847,5,3,3,1,neutral or dissatisfied
Male,Loyal Customer,50,Business travel,Eco,3464,4,2,3,5,satisfied
Female,Loyal Customer,53,Business travel,Eco,1246,5,2,4,5,satisfied
Female,Loyal Customer,20,Personal Travel,Eco Plus,2965,2,5,2,1,neutral or dissatisfied
Male,disloyal Customer,26,Business travel,Eco Plus,806,4,2,3,1,neutral or dissatisfied
Male,Loyal Customer,25,Business travel,Business,543,1,5,2,5,satisfied
Female,Loyal Customer,50,Business travel,Eco,805,3,1,4,4,neutral or dissatisfied
Female,Loyal Customer,23,Personal Travel,Eco,4817,2,2,2,2,neutral or dissatisfied
Female,disloyal Customer,58,Business travel,Eco,3458,2,1,2,2,neutral or dissatisfied
Male,Loyal Customer,56,Business travel,Eco,3890,2,1,2,1,neutral or dissatisfied
Male,Loyal Customer,21,Business travel,Eco Plus,2172,4,2,3,5,satisfied
Male,disloyal Customer,30,Business travel,Eco,4093,1,1,1,3,neutral or dissatisfied
Male,disloyal Customer,66,Business travel,Eco,1492,5,2,5,3,satisfied
Male,disloyal Customer,19,Business travel,Eco,4725,1,2,2,2,neutral or dissatisfied
Male,Loyal Customer,22,Business travel,Eco,1764,4,2,2,4,neutral or dissatisfied
Female,Loyal Customer,61,Business travel,Eco,690,2,3,2,2,neutral or dissatisfied
Male,Loyal Customer,44,Business travel,Eco,4776,3,1,1,1,neutral or dissatisfied
Male,disloyal Customer,49,Business travel,Eco Plus,3677,2,4,4,4,satisfied
Male,Loyal Customer,38,Personal Travel,Business,972,5,2,3,3,satisfied
Female,Loyal Customer,25,Business travel,Eco Plus,2860,3,1,1,5,neutral or dissatisfied
Male,Loyal Customer,55,Personal Travel,Business,1511,2,5,2,5,satisfied
Male,disloyal Customer,25,Personal Travel,Eco,1229,3,2,1,1,neutral or dissatisfied
Female,Loyal Customer,67,Business travel,Eco Plus,1839,1,2,1,2,neutral or dissatisfied
Male,Loyal Customer,20,Business travel,Business,1212,4,4,1,1,neutral or dissatisfied
Male,Loyal Customer,61,Business travel,Eco,943,2,3,4,5,satisfied
Male,Loyal Customer,20,Business travel,Business,4822,5,3,5,3,satisfied
Male,Loyal Customer,39,Business travel,Eco,801,1,2,3,5,neutral or dissatisfied
Male,Loyal Customer,23,Business travel,Eco,1029,2,1,4,4,neutral or dissatisfied
Female,Loyal Customer,19,Business travel,Eco,1583,1,5,4,5,satisfied
Female,Loyal Customer,40,Personal Travel,Eco Plus,2418,5,5,5,5,satisfied
Female,Loyal Customer,61,Business travel,Eco Plus,4852,2,1,4,4,neutral or dissatisfied
Male,Loyal Customer,19,Personal Travel,Eco Plus,4686,5,2,1,2,neutral or dissatisfied
Male,Loyal Customer,55,Business travel,Eco,4136,3,5,1,5,satisfied
Male,Loyal Customer,34,Personal Travel,Eco,1219,5,3,2,1,neutral or dissatisfied
Female,Loyal Customer,52,Business travel,Eco,4350,3,1,4,5,satisfied
Male,Loyal Customer,51,Business travel,Eco,2639,2,4,2,1,neutral or dissatisfied
Male,Loyal Customer,40,Personal Travel,Business,1055,3,2,3,4,neutral or dissatisfied
Female,Loyal Customer,47,Business travel,Eco,2169,2,1,1,5,neutral or dissatisfied
Male,disloyal Customer,69,Business travel,Business,4772,2,5,3,4,satisfied
Female,Loyal Customer,25,Personal Travel,Business,807,4,2,5,4,satisfied
Female,disloyal Customer,39,Business travel,Eco,1736,2,3,1,2,neutral or dissatisfied
Female,Loyal Customer,61,Business travel,Eco Plus,2875,3,2,3,5,satisfied
Male,Loyal Customer,53,Personal Travel,Eco,3726,4,2,5,1,neutral or dissatisfied
Male,disloyal Customer,22,Personal Travel,Eco,858,4,3,3,1,neutral or dissatisfied
Male,Loyal Customer,30,Personal Travel,Eco,3402,2,3,5,5,satisfied
Male,Loyal Customer,46,Business travel,Eco Plus,4816,5,2,5,2,satisfied
Male,Loyal Customer,48,Personal Travel,Eco,3922,5,3,1,2,neutral or dissatisfied
Male,Loyal Customer,64,Business travel,Eco Plus,4699,4,1,2,2,neutral or dissatisfied
Male,disloyal Customer,33,Personal Travel,Eco Plus,4357,2,3,5,1,neutral or dissatisfied
Female,disloyal Customer,59,Personal Travel,Eco,4015,5,3,5,4,satisfied
Male,disloyal Customer,47,Personal Travel,Eco Plus,1601,2,2,1,2,neutral or dissatisfied
Female,Loyal Customer,33,Personal Travel,Eco Plus,2455,2,1,2,1,neutral or dissatisfied
Male,disloyal Customer,29,Business travel,Eco,992,4,4,4,1,satisfied
Male,disloyal Customer,34,Personal Travel,Eco,4650,4,4,4,4,satisfied
Male,Loyal Customer,33,Personal Travel,Eco Plus,1778,1,5,2,5,satisfied
Female,Loyal Customer,29,Business travel,Eco,556,5,3,3,5,satisfied
Female,disloyal Customer,25,Personal Travel,Eco Plus,2730,5,3,1,2,neutral or dissatisfied
Female,Loyal Customer,37,Business travel,Eco,741,5,1,2,2,neutral or dissatisfied
Female,disloyal Customer,20,Personal Travel,Eco,2181,3,4,4,4,satisfied
Male,Loyal Customer,33,Personal Travel,Eco,2946,2,5,5,2,satisfied
Female,disloyal Customer,47,Personal Travel,Eco,4120,4,1,4,4,satisfied
Male,Loyal Customer,62,Business travel,Eco Plus,4977,5,3,5,1,satisfied
Male,Loyal Customer,40,Business travel,Eco,2035,1,4,1,2,neutral or dissatisfied
Female,Loyal Customer,45,Business travel,Eco Plus,4035,5,5,5,1,satisfied
Female,disloyal Customer,68,Personal Travel,Business,2945,2,2,2,3,neutral or dissatisfied
Female,Loyal Customer,57,Business travel,Eco Plus,318,2,4,5,4,satisfied
Female,Loyal Customer,22,Business travel,Eco Plus,1424,4,5,3,3,satisfied
Female,Loyal Customer,37,Personal Travel,Eco,4285,3,1,2,2,neutral or dissatisfied
Female,disloyal Customer,57,Business travel,Eco,2954,4,2,1,1,neutral or dissatisfied
Female,Loyal Customer,61,Business travel,Eco Plus,2380,5,5,2,2,satisfied
Female,disloyal Customer,18,Business travel,Eco,1847,1,5,3,3,neutral or dissatisfied
Male,Loyal Customer,47,Personal Travel,Eco Plus,1161,4,3,1,2,neutral or dissatisfied
Female,Loyal Customer,38,Business travel,Eco,454,3,4,4,5,satisfied
Female,Loyal Customer,37,Business travel,Eco Plus,3794,4,3,3,3,satisfied
Male,Loyal Customer,23,Business travel,Business,1204,2,2,1,2,neutral or dissatisfied
Female,disloyal Customer,39,Business travel,Business,1569,5,5,5,1,satisfied
Male,Loyal Customer,35,Business travel,Eco Plus,704,5,3,2,2,neutral or dissatisfied
Male,Loyal Customer,25,Business travel,Eco Plus,1143,5,4,1,1,neutral or dissatisfied
Female,disloyal Customer,56,Business travel,Eco Plus,2082,5,2,2,5,satisfied
Male,Loyal Customer,49,Personal Travel,Eco Plus,1864,5,1,5,2,satisfied
Male,Loyal Customer,50,Business travel,Eco,1484,5,3,1,5,satisfied
Male,disloyal Customer,33,Personal Travel,Eco,1046,1,2,4,3,neutral or dissatisfied
Male,Loyal Customer,29,Personal Travel,Eco,2025,3,1,3,1,neutral or dissatisfied
Female,Loyal Customer,55,Personal Travel,Business,3488,5,3,1,3,neutral or dissatisfied
Male,disloyal Customer,69,Personal Travel,Eco,570,3,2,5,1,neutral or dissatisfied
Female,Loyal Customer,51,Business travel,Eco Plus,4256,5,2,1,5,satisfied
Male,Loyal Customer,31,Business travel,Eco Plus,471,4,3,2,4,satisfied
Male,Loyal Customer,53,Business travel,Eco Plus,573,5,2,1,2,neutral or dissatisfied
Male,disloyal Customer,50,Business travel,Eco Plus,2606,2,5,4,5,satisfied
Male,Loyal Customer,40,Personal Travel,Eco,1458,1,3,1,1,neutral or dissatisfied
Female,Loyal Customer,67,Personal Travel,Eco Plus,2006,4,2,3,1,neutral or dissatisfied
Female,disloyal Customer,62,Business travel,Business,2071,4,1,1,1,neutral or dissatisfied
Male,disloyal Customer,19,Business travel,Eco,721,2,1,2,1,neutral or dissatisfied
Male,Loyal Customer,58,Personal Travel,Eco,1509,5,5,1,2,satisfied
Female,Loyal Customer,38,Business travel,Eco Plus,4975,1,3,4,3,neutral or dissatisfied
Male,Loyal Customer,19,Business travel,Business,1190,4,2,5,4,satisfied
Male,disloyal Customer,44,Personal Travel,Eco,3567,1,2,1,2,neutral or dissatisfied
Male,Loyal Customer,26,Business travel,Eco Plus,1773,4,1,1,1,neutral or dissatisfied
Female,Loyal Customer,18,Business travel,Business,3543,5,5,3,2,satisfied
Female,disloyal Customer,28,Business travel,Eco,4778,4,1,4,5,satisfied
Female,disloyal Customer,20,Personal Travel,Business,2481,4,1,5,1,neutral or dissatisfied
Male,Loyal Customer,69,Business travel,Eco Plus,1749,3,5,2,4,satisfied
Male,disloyal Customer,40,Business travel,Eco Plus,3396,5,3,1,1,neutral or dissatisfied
Female,Loyal Customer,43,Business travel,Eco Plus,3556,2,2,5,4,satisfied
Female,disloyal Customer,21,Business travel,Eco,3456,2,3,2,4,neutral or dissatisfied
Female,Loyal Customer,35,Business travel,Eco,1890,5,4,4,3,satisfied
Female,Loyal Customer,23,Personal Travel,Eco,4539,2,4,4,3,satisfied
Male,disloyal Customer,52,Business travel,Eco,4281,5,4,5,2,satisfied
Female,Loyal Customer,39,Personal Travel,Eco,1735,2,5,2,2,neutral or dissatisfied
Male,Loyal Customer,60,Business travel,Business,523,3,1,4,4,neutral or dissatisfied
Female,disloyal Customer,32,Business travel,Business,519,2,3,5,1,neutral or dissatisfied
Male,disloyal Customer,39,Business travel,Eco Plus,4574,4,2,4,5,satisfied
Female,Loyal Customer,54,Business travel,Business,1954,5,4,4,5,satisfied
Female,Loyal Customer,69,Business travel,Eco Plus,4828,1,3,4,1,neutral or dissatisfied
Female,Loyal Customer,59,Business travel,Eco,564,1,4,3,1,neutral or dissatisfied
Female,Loyal Customer,29,Business travel,Eco,1253,5,4,2,3,satisfied
Male,Loyal Customer,64,Business travel,Eco Plus,4824,3,2,5,5,satisfied
Female,Loyal Customer,66,Business travel,Eco Plus,4033,2,5,5,4,satisfied
Male,disloyal Customer,59,Personal Travel,Eco,3074,3,1,2,2,neutral or dissatisfied
Male,Loyal Customer,55,Personal Travel,Eco Plus,3424,1,5,2,3,neutral or dissatisfied
Male,Loyal Customer,35,Business travel,Eco,779,5,3,2,5,satisfied
Male,Loyal Customer,62,Business travel,Eco Plus,3814,5,5,2,1,satisfied
Female,disloyal Customer,52,Business travel,Business,1653,3,3,1,5,neutral or dissatisfied
Male,Loyal Customer,47,Business travel,Eco Plus,3622,3,3,5,4,satisfied
Male,Loyal Customer,41,Business travel,Business,4178,2,1,1,3,neutral or dissatisfied
Male,Loyal Customer,59,Personal Travel,Business,1189,4,2,4,1,neutral or dissatisfied
Female,Loyal Customer,47,Business travel,Business,4154,4,1,4,4,satisfied
Female,Loyal Customer,31,Business travel,Business,1224,2,5,5,2,satisfied
Female,disloyal Customer,23,Personal Travel,Business,2470,4,3,4,3,satisfied
Female,disloyal Customer,20,Business travel,Eco Plus,2202,1,4,2,4,neutral or dissatisfied
Male,Loyal Customer,33,Personal Travel,Eco,2695,4,4,1,4,satisfied
Male,Loyal Customer,24,Business travel,Eco,328,2,3,2,1,neutral or dissatisfied
Female,disloyal Customer,69,Business travel,Eco Plus,334,4,1,4,2,neutral or dissatisfied
Male,disloyal Customer,31,Business travel,Eco,3889,5,2,1,4,neutral or dissatisfied
Male,Loyal Customer,26,Business travel,Eco,2970,3,1,2,3,neutral or dissatisfied
Male,Loyal Customer,32,Personal Travel,Business,3665,1,3,5,4,satisfied
Female,Loyal Customer,38,Business travel,Business,888,5,3,2,5,satisfied
Female,Loyal Customer,52,Personal Travel,Business,3518,5,2,4,3,satisfied
Male,disloyal Customer,19,Business travel,Eco,3438,2,5,1,3,neutral or dissatisfied
Female,disloyal Customer,44,Business travel,Eco,1203,3,5,5,4,satisfied
Female,disloyal Customer,19,Business travel,Eco,4386,3,2,1,1,neutral or dissatisfied
Female,Loyal Customer,52,Business travel,Eco,2469,1,5,5,3,satisfied
Female,Loyal Customer,35,Personal Travel,Eco,639,2,4,1,5,neutral or dissatisfied
Female,disloyal Customer,31,Business travel,Eco,4570,1,5,4,1,neutral or dissatisfied
Male,disloyal Customer,37,Business travel,Business,2014,4,5,5,1,satisfied
Female,Loyal Customer,35,Business travel,Eco Plus,4992,5,5,3,1,satisfied
Male,disloyal Customer,27,Business travel,Eco,4846,1,4,1,3,neutral or dissatisfied
Male,disloyal Customer,42,Business travel,Eco,856,5,5,1,1,neutral or dissatisfied
Female,Loyal Customer,19,Business travel,Eco Plus,3387,2,4,2,4,neutral or dissatisfied
Male,Loyal Customer,42,Personal Travel,Eco,3566,4,2,5,1,neutral or dissatisfied
Male,Loyal Customer,50,Business travel,Business,3867,2,1,3,5,neutral or dissatisfied
Male,Loyal Customer,53,Business travel,Eco,2356,4,2,4,2,neutral or dissatisfied
Female,Loyal Customer,48,Business travel,Eco,4199,4,1,2,5,neutral or dissatisfied
Female,disloyal Customer,31,Business travel,Eco,1316,5,2,3,3,satisfied
Male,Loyal Customer,18,Personal Travel,Eco,2362,2,1,5,1,neutral or dissatisfied
Female,Loyal Customer,63,Business travel,Eco Plus,1138,2,1,3,1,neutral or dissatisfied
Female,Loyal Customer,33,Business travel,Eco Plus,1937,1,3,1,4,neutral or dissatisfied
Female,Loyal Customer,63,Business travel,Eco Plus,4621,2,1,1,1,neutral or dissatisfied
Female,disloyal Customer,69,Business travel,Eco,3796,1,1,2,5,neutral or dissatisfied
Male,Loyal Customer,20,Business travel,Eco Plus,2113,3,3,5,3,satisfied
Male,Loyal Customer,52,Personal Travel,Eco Plus,3779,3,5,5,2,satisfied
Female,disloyal Customer,58,Personal Travel,Business,1751,3,5,3,1,neutral or dissatisfied
Female,Loyal Customer,23,Personal Travel,Eco,2613,2,3,2,2,neutral or dissatisfied
Male,Loyal Customer,42,Business travel,Eco,1814,2,4,5,1,neutral or dissatisfied
Male,Loyal Customer,30,Business travel,Eco Plus,1531,1,1,1,3,neutral or dissatisfied
Female,Loyal Customer,51,Business travel,Eco Plus,1945,4,1,3,5,satisfied
Male,Loyal Customer,25,Business travel,Eco,3299,1,3,4,3,neutral or dissatisfied
Female,Loyal Customer,38,Personal Travel,Eco,3740,3,3,1,2,neutral or dissatisfied
Female,Loyal Customer,51,Business travel,Eco,4356,1,4,2,1,neutral or dissatisfied
Male,disloyal Customer,21,Personal Travel,Business,605,4,5,5,2,satisfied
Male,Loyal Customer,42,Personal Travel,Eco,3836,2,2,1,5,neutral or dissatisfied
Female,Loyal Customer,32,Business travel,Business,2023,1,5,4,3,satisfied
Female,Loyal Customer,21,Business travel,Eco Plus,1989,3,1,4,2,neutral or dissatisfied
Male,Loyal Customer,62,Personal Travel,Business,1817,3,3,2,2,neutral or dissatisfied
Female,Loyal Customer,29,Business travel,Business,4217,2,4,1,5,neutral or dissatisfied
Male,Loyal Customer,49,Personal Travel,Eco,719,1,5,3,1,neutral or dissatisfied
Female,disloyal Customer,49,Business travel,Business,3236,4,4,1,2,neutral or dissatisfied
Male,Loyal Customer,45,Business travel,Eco,4162,2,5,4,5,satisfied
Male,Loyal Customer,30,Business travel,Business,4529,1,1,2,1,neutral or dissatisfied
Male,Loyal Customer,48,Personal Travel,Eco Plus,1750,5,2,2,1,neutral or dissatisfied
Female,disloyal Customer,31,Business travel,Eco,3396,3,4,3,3,satisfied
Female,Loyal Customer,37,Personal Travel,Eco Plus,3561,4,4,2,5,satisfied
Male,Loyal Customer,35,Business travel,Business,1464,4,2,2,1,neutral or dissatisfied
Female,Loyal Customer,46,Personal Travel,Eco,2169,4,4,2,3,satisfied
Male,disloyal Customer,23,Personal Travel,Eco Plus,2119,3,4,2,4,satisfied
Male,Loyal Customer,49,Business travel,Eco Plus,3005,1,5,2,5,satisfied
Female,disloyal Customer,46,Business travel,Business,3815,2,5,4,4,satisfied
Female,Loyal Customer,60,Personal Travel,Eco,1642,1,2,1,1,neutral or dissatisfied
Male,Loyal Customer,19,Business travel,Eco,2526,2,1,5,5,satisfied
Female,Loyal Customer,40,Personal Travel,Eco,1379,4,4,2,3,satisfied
Female,Loyal Customer,36,Business travel,Eco Plus,4506,1,1,5,1,neutral or dissatisfied
Male,Loyal Customer,48,Personal Travel,Eco,4863,4,2,5,5,satisfied
Male,Loyal Customer,68,Personal Travel,Business,3079,5,2,4,5,satisfied
Female,disloyal Customer,22,Personal Travel,Eco,2828,4,5,2,4,satisfied
Male,Loyal Customer,36,Business travel,Eco Plus,1113,4,4,5,1,satisfied
Male,Loyal Customer,51,Business travel,Eco,2331,2,3,2,3,neutral or dissatisfied
Female,Loyal Customer,27,Business travel,Eco,622,5,2,3,3,satisfied
Male,Loyal Customer,42,Business travel,Eco,3269,4,4,3,1,neutral or dissatisfied
Male,Loyal Customer,19,Business travel,Eco,1203,4,1,3,1,neutral or dissatisfied
Female,Loyal Customer,28,Business travel,Eco Plus,1841,5,5,5,2,satisfied
Female,Loyal Customer,67,Personal Travel,Business,3803,5,1,3,4,satisfied
Male,disloyal Customer,48,Business travel,Eco Plus,2953,1,2,4,1,neutral or dissatisfied
Male,disloyal Customer,32,Business travel,Business,2776,2,2,4,1,neutral or dissatisfied
Female,Loyal Customer,26,Personal Travel,Business,3640,5,1,5,2,satisfied
Female,Loyal Customer,40,Business travel,Eco Plus,4543,5,2,2,2,neutral or dissatisfied
Female,Loyal Customer,36,Business travel,Business,1441,3,4,1,5,satisfied
Female,Loyal Customer,26,Personal Travel,Eco Plus,1149,5,2,2,3,neutral or dissatisfied
Male,Loyal Customer,52,Personal Travel,Eco,666,2,5,2,4,satisfied
Female,Loyal Customer,38,Business travel,Eco Plus,3197,4,4,2,5,satisfied
Female,disloyal Customer,26,Business travel,Eco,1389,4,3,2,1,neutral or dissatisfied
Male,Loyal Customer,45,Personal Travel,Eco Plus,4341,4,2,1,2,neutral or dissatisfied
Female,Loyal Customer,63,Business travel,Eco Plus,2338,4,2,3,3,neutral or dissatisfied
Male,Loyal Customer,68,Business travel,Eco,3160,3,5,2,5,satisfied
Female,Loyal Customer,24,Business travel,Eco,4570,5,5,4,3,satisfied
Female,Loyal Customer,33,Business travel,Business,2154,4,1,5,2,neutral or dissatisfied
Female,Loyal Customer,33,Business travel,Eco Plus,4983,1,1,5,5,neutral or dissatisfied
Male,Loyal Customer,50,Business travel,Eco,794,4,1,4,5,satisfied
Male,disloyal Customer,21,Business travel,Eco Plus,3482,5,5,2,3,satisfied
Female,Loyal Customer,21,Personal Travel,Eco Plus,2084,4,1,1,2,neutral or dissatisfied
Male,Loyal Customer,56,Business travel,Eco Plus,3810,3,1,3,1,neutral or dissatisfied
Male,Loyal Customer,57,Personal Travel,Business,4086,2,3,5,5,satisfied
Male,Loyal Customer,34,Personal Travel,Eco Plus,4430,2,1,3,1,neutral or dissatisfied
Male,Loyal Customer,54,Business travel,Eco,1298,5,2,1,2,neutral or dissatisfied
Male,disloyal Customer,56,Business travel,Business,4769,2,5,5,5,satisfied
Male,disloyal Customer,69,Business travel,Business,1751,2,4,3,5,satisfied
Female,disloyal Customer,46,Business travel,Eco,2051,1,3,1,1,neutral or dissatisfied
Female,Loyal Customer,69,Personal Travel,Eco,2580,5,5,3,4,satisfied
Male,Loyal Customer,53,Business travel,Eco,4958,5,5,2,1,satisfied
Female,Loyal Customer,55,Personal Travel,Eco Plus,3234,2,2,1,1,neutral or dissatisfied
Female,Loyal Customer,56,Business travel,Eco Plus,4034,2,1,3,4,neutral or dissatisfied
Female,disloyal Customer,67,Business travel,Eco Plus,3646,2,2,2,2,neutral or dissatisfied
Female,Loyal Customer,54,Business travel,Business,2173,3,1,2,2,neutral or dissatisfied
Male,Loyal Customer,69,Business travel,Eco Plus,4834,4,1,1,5,neutral or dissatisfied
Female,Loyal Customer,52,Business travel,Eco,4103,3,5,4,3,satisfied
Female,Loyal Customer,24,Business travel,Eco,2279,5,1,5,3,satisfied
Male,Loyal Customer,44,Business travel,Eco,998,1,3,1,5,neutral or dissatisfied
Male,Loyal Customer,45,Business travel,Eco,1612,4,3,2,3,neutral or dissatisfied
Female,Loyal Customer,39,Personal Travel,Eco Plus,3262,1,3,2,1,neutral or dissatisfied
Female,disloyal Customer,31,Business travel,Business,3238,5,5,1,1,neutral or dissatisfied
Female,disloyal Customer,24,Personal Travel,Eco,2600,5,2,4,4,satisfied
Female,Loyal Customer,54,Personal Travel,Eco Plus,3497,1,4,5,4,satisfied
Female,Loyal Customer,39,Personal Travel,Eco Plus,426,1,1,3,5,neutral or dissatisfied
Female,Loyal Customer,22,Business travel,Eco,1491,1,4,1,5,neutral or dissatisfied
Male,Loyal Customer,19,Personal Travel,Eco,2939,5,2,5,5,satisfied
Female,Loyal Customer,44,Business travel,Eco,4689,2,2,5,1,neutral or dissatisfied
Female,Loyal Customer,38,Business travel,Eco,4216,1,5,2,3,neutral or dissatisfied
Male,Loyal Customer,55,Business travel,Business,1666,4,3,3,5,satisfied
Male,Loyal Customer,32,Personal Travel,Eco,1319,5,3,1,5,satisfied
Male,Loyal Customer,38,Business travel,Eco,4379,3,2,2,1,neutral or dissatisfied
Male,Loyal Customer,27,Personal Travel,Eco Plus,4814,3,5,2,1,neutral or dissatisfied
Female,disloyal Customer,40,Business travel,Business,4839,4,5,4,1,satisfied
Female,disloyal Customer,56,Personal Travel,Eco,984,2,1,5,3,neutral or dissatisfied
Female,Loyal Customer,22,Personal Travel,Eco,3929,1,3,1,5,neutral or dissatisfied
Female,disloyal Customer,18,Business travel,Eco,3187,5,2,1,2,neutral or dissatisfied
Female,Loyal Customer,30,Personal Travel,Eco,1762,1,4,1,2,neutral or dissatisfied
Female,disloyal Customer,38,Business travel,Eco,4386,5,3,2,5,satisfied
Male,disloyal Customer,43,Business travel,Eco Plus,2561,3,1,4,5,satisfied
Female,Loyal Customer,67,Business travel,Eco,4480,1,5,3,5,satisfied
Male,Loyal Customer,62,Business travel,Eco,3141,4,2,2,5,satisfied
Male,Loyal Customer,38,Business travel,Business,2067,2,3,3,3,neutral or dissatisfied
Female,Loyal Customer,35,Business travel,Eco,4480,4,4,4,2,satisfied
Male,Loyal Customer,54,Business travel,Eco,3860,2,1,5,4,neutral or dissatisfied
Female,Loyal Customer,62,Personal Travel,Eco,2412,1,1,1,2,neutral or dissatisfied
Male,Loyal Customer,49,Personal Travel,Business,926,1,3,3,2,neutral or dissatisfied
Female,disloyal Customer,53,Personal Travel,Eco,4459,2,4,2,1,neutral or dissatisfied
Male,disloyal Customer,34,Personal Travel,Business,3714,3,1,3,5,neutral or dissatisfied
Female,Loyal Customer,52,Personal Travel,Eco Plus,1675,5,2,5,5,satisfied
Female,Loyal Customer,66,Business travel,Eco,1481,4,1,1,5,neutral or dissatisfied
Female,Loyal Customer,28,Business travel,Business,790,4,4,3,1,neutral or dissatisfied
Female,Loyal Customer,38,Personal Travel,Eco,4029,4,5,5,3,satisfied
Female,disloyal Customer,69,Business travel,Eco,3834,1,5,2,3,neutral or dissatisfied
Male,Loyal Customer,43,Personal Travel,Business,3596,4,3,4,4,satisfied
Male,Loyal Customer,21,Business travel,Eco Plus,2240,5,4,2,3,satisfied
Male,Loyal Customer,51,Business travel,Eco Plus,4708,5,1,1,3,neutral or dissatisfied
Female,Loyal Customer,69,Business travel,Eco,2182,2,1,2,5,neutral or dissatisfied
Male,Loyal Customer,65,Business travel,Eco,3287,1,5,2,2,neutral or dissatisfied
Female,disloyal Customer,35,Business travel,Eco Plus,3459,5,5,2,3,satisfied
Female,Loyal Customer,57,Personal Travel,Eco,4830,3,2,2,3,neutral or dissatisfied
Male,Loyal Customer,52,Business travel,Eco,981,1,5,1,1,neutral or dissatisfied
Male,Loyal Customer,58,Business travel,Eco,1373,1,2,5,4,neutral or dissatisfied
Female,disloyal Customer,46,Personal Travel,Eco,2687,5,1,3,1,neutral or dissatisfied
Male,disloyal Customer,69,Personal Travel,Business,2694,3,2,4,5,satisfied
Female,Loyal Customer,46,Business travel,Eco,2993,2,2,3,2,neutral or dissatisfied
Female,Loyal Customer,55,Personal Travel,Business,1670,5,3,3,4,satisfied
Female,Loyal Customer,59,Business travel,Eco,4640,3,5,4,1,satisfied
Female,Loyal Customer,38,Business travel,Eco Plus,2456,1,2,1,3,neutral or dissatisfied
Female,disloyal Customer,59,Business travel,Eco,2880,3,1,4,3,neutral or dissatisfied
Male,Loyal Customer,30,Personal Travel,Eco,4691,1,4,1,4,neutral or dissatisfied
Male,Loyal Customer,66,Personal Travel,Eco,2459,5,2,3,3,satisfied
Female,Loyal Customer,58,Business travel,Eco,3548,5,5,1,1,neutral or dissatisfied
Female,Loyal Customer,34,Personal Travel,Eco Plus,4031,4,3,5,1,satisfied
Male,Loyal Customer,26,Business travel,Business,4129,4,1,4,3,neutral or dissatisfied
Male,disloyal Customer,58,Business travel,Eco Plus,1927,4,3,5,3,satisfied
Female,Loyal Customer,18,Business travel,Eco,3772,5,4,3,5,satisfied
Male,Loyal Customer,19,Business travel,Eco,327,2,2,4,2,neutral or dissatisfied
Female,Loyal Customer,65,Business travel,Eco,2285,5,2,3,4,satisfied
Male,Loyal Customer,46,Business travel,Eco Plus,4453,3,5,5,1,satisfied
Female,Loyal Customer,50,Personal Travel,Eco Plus,1821,5,2,3,4,satisfied
Male,Loyal Customer,27,Business travel,Business,596,5,1,4,5,satisfied
Female,disloyal Customer,67,Business travel,Eco,2481,1,4,4,1,neutral or dissatisfied
Male,Loyal Customer,57,Business travel,Eco Plus,3702,1,3,3,5,neutral or dissatisfied
Male,Loyal Customer,38,Business travel,Eco,2596,1,4,4,5,satisfied
Female,Loyal Customer,45,Business travel,Eco Plus,2897,5,2,4,3,satisfied
Male,Loyal Customer,28,Personal Travel,Eco Plus,1201,2,3,3,4,neutral or dissatisfied
Female,disloyal Customer,51,Business travel,Eco Plus,1398,3,5,5,4,satisfied
Male,disloyal Customer,25,Personal Travel,Eco Plus,1977,3,4,4,3,satisfied
Female,Loyal Customer,39,Personal Travel,Eco,3181,2,3,4,4,satisfied
Male,Loyal Customer,25,Business travel,Eco Plus,1678,2,3,4,3,neutral or dissatisfied
Female,Loyal Customer,66,Personal Travel,Eco,1548,3,3,4,1,neutral or dissatisfied
Male,Loyal Customer,32,Business travel,Eco Plus,4035,4,1,3,5,satisfied
Female,Loyal Customer,34,Business travel,Eco,4541,1,4,5,5,satisfied
Male,Loyal Customer,40,Business travel,Eco Plus,1564,1,3,5,4,satisfied
Female,Loyal Customer,41,Business travel,Business,2207,3,4,1,2,neutral or dissatisfied
Female,Loyal Customer,62,Business travel,Business,1358,2,3,4,5,satisfied
Female,disloyal Customer,36,Business travel,Business,3049,4,5,4,3,satisfied
Male,Loyal Customer,22,Business travel,Eco Plus,2348,3,5,1,2,neutral or dissatisfied
Female,Loyal Customer,49,Business travel,Eco Plus,4548,1,5,5,2,satisfied
Male,disloyal Customer,61,Business travel,Eco Plus,2776,5,2,2,5,satisfied
Female,Loyal Customer,18,Personal Travel,Business,4316,2,3,2,5,neutral or dissatisfied
Male,Loyal Customer,40,Personal Travel,Eco,4903,5,2,5,5,satisfied
Female,Loyal Customer,54,Business travel,Business,3497,3,4,4,3,satisfied
Male,Loyal Customer,25,Business travel,Business,4886,1,2,2,2,neutral or dissatisfied
Male,disloyal Customer,30,Personal Travel,Eco Plus,3853,4,4,3,4,satisfied
Female,disloyal Customer,25,Personal Travel,Eco,4740,5,4,3,3,satisfied
Male,Loyal Customer,40,Personal Travel,Eco,2061,4,4,1,1,neutral or dissatisfied
Male,Loyal Customer,60,Business travel,Business,520,1,2,5,5,satisfied
Female,Loyal Customer,18,Business travel,Eco,4923,5,3,5,2,satisfied
Male,Loyal Customer,62,Business travel,Business,3188,4,2,2,3,neutral or dissatisfied
Male,Loyal Customer,68,Business travel,Eco,1964,4,3,4,1,neutral or dissatisfied
Male,disloyal Customer,41,Personal Travel,Eco,4286,5,3,5,3,satisfied
Female,Loyal Customer,52,Personal Travel,Business,4876,1,4,2,3,neutral or dissatisfied
Male,disloyal Customer,41,Business travel,Eco Plus,3277,4,2,2,4,neutral or dissatisfied
Female,Loyal Customer,34,Personal Travel,Eco Plus,2171,3,3,5,4,satisfied
Male,Loyal Customer,22,Business travel,Eco Plus,1762,5,5,2,3,satisfied
Male,Loyal Customer,37,Business travel,Eco,644,2,3,1,1,neutral or dissatisfied
Male,disloyal Customer,38,Business travel,Eco Plus,344,2,5,1,2,neutral or dissatisfied
Female,disloyal Customer,57,Personal Travel,Eco,2368,1,2,5,2,neutral or dissatisfied
Male,disloyal Customer,48,Business travel,Business,1814,3,2,4,5,satisfied
Male,Loyal Customer,63,Personal Travel,Business,2898,4,2,1,5,neutral or dissatisfied
Female,Loyal Customer,53,Personal Travel,Eco,1301,2,3,1,2,neutral or dissatisfied
Male,disloyal Customer,28,Business travel,Eco Plus,1333,1,1,5,3,neutral or dissatisfied
Female,Loyal Customer,69,Business travel,Eco Plus,2340,3,3,3,3,neutral or dissatisfied
Female,Loyal Customer,32,Personal Travel,Eco,573,3,3,2,4,neutral or dissatisfied
Male,Loyal Customer,36,Business travel,Business,2947,1,4,1,4,neutral or dissatisfied
Female,disloyal Customer,24,Personal Travel,Eco,2079,1,4,3,5,satisfied
Male,disloyal Customer,68,Personal Travel,Eco,4776,4,3,4,2,satisfied
Female,Loyal Customer,45,Business travel,Eco Plus,778,1,5,3,3,neutral or dissatisfied
Female,disloyal Customer,68,Business travel,Eco Plus,815,4,4,5,2,satisfied
Male,disloyal Customer,60,Personal Travel,Eco Plus,4586,4,3,4,1,neutral or dissatisfied
Female,Loyal Customer,22,Personal Travel,Eco Plus,1491,5,1,4,2,neutral or dissatisfied
Female,Loyal Customer,22,Business travel,Eco Plus,2968,3,5,3,1,neutral or dissatisfied
Female,disloyal Customer,47,Business travel,Eco Plus,1711,3,2,5,4,satisfied
Female,Loyal Customer,49,Business travel,Eco,3580,3,3,1,4,neutral or dissatisfied
Female,Loyal Customer,25,Personal Travel,Eco,571,5,3,3,5,satisfied
Male,Loyal Customer,27,Personal Travel,Eco,442,4,5,1,2,neutral or dissatisfied
Female,disloyal Customer,55,Personal Travel,Eco,3632,4,4,3,2,satisfied
Male,disloyal Customer,64,Business travel,Eco Plus,1087,1,4,1,1,neutral or dissatisfied
Female,disloyal Customer,49,Business travel,Eco,1981,5,4,3,4,satisfied
Male,Loyal Customer,65,Personal Travel,Eco,922,1,2,4,1,neutral or dissatisfied
Male,disloyal Customer,45,Business travel,Eco,4141,5,5,2,4,satisfied
Female,disloyal Customer,34,Business travel,Business,3976,1,5,4,1,neutral or dissatisfied
Female,Loyal Customer,48,Business travel,Business,2872,2,4,1,4,neutral or dissatisfied
Female,disloyal Customer,25,Personal Travel,Eco Plus,3560,3,4,5,1,satisfied
Male,Loyal Customer,57,Personal Travel,Business,366,3,1,4,4,neutral or dissatisfied
Female,Loyal Customer,42,Business travel,Eco Plus,4586,4,1,2,1,neutral or dissatisfied
Male,Loyal Customer,26,Business travel,Eco Plus,4916,2,3,1,2,neutral or dissatisfied
Male,Loyal Customer,19,Business travel,Eco,1440,3,3,4,5,satisfied
Male,Loyal Customer,32,Personal Travel,Eco Plus,2614,4,5,3,1,satisfied
Female,Loyal Customer,67,Business travel,Eco Plus,2832,2,5,5,5,satisfied
Female,Loyal Customer,20,Business travel,Eco Plus,3880,3,2,1,2,neutral or dissatisfied
Male,disloyal Customer,66,Business travel,Eco Plus,1487,1,2,4,2,neutral or dissatisfied
Male,Loyal Customer,53,Personal Travel,Eco Plus,4771,5,1,1,4,neutral or dissatisfied
Female,Loyal Customer,21,Business travel,Eco Plus,3639,2,3,3,5,satisfied
Male,Loyal Customer,31,Business travel,Business,848,4,1,2,3,neutral or dissatisfied
Female,disloyal Customer,58,Business travel,Eco,4387,2,1,4,4,neutral or dissatisfied
Male,Loyal Customer,58,Personal Travel,Eco Plus,372,4,3,1,5,satisfied
Female,Loyal Customer,42,Business travel,Eco,498,2,2,1,1,neutral or dissatisfied
Male,disloyal Customer,67,Personal Travel,Eco Plus,3501,4,3,1,1,neutral or dissatisfied
Female,Loyal Customer,27,Business travel,Eco Plus,2081,3,4,2,2,neutral or dissatisfied
Male,Loyal Customer,38,Business travel,Eco,871,1,4,1,3,neutral or dissatisfied
Female,Loyal Customer,53,Business travel,Eco Plus,1090,3,4,5,1,satisfied
Female,disloyal Customer,29,Personal Travel,Eco,1938,1,5,5,5,satisfied
Male,Loyal Customer,44,Business travel,Eco Plus,2131,3,2,1,5,neutral or dissatisfied
Male,disloyal Customer,57,Personal Travel,Eco,2155,3,2,5,1,neutral or dissatisfied
Female,Loyal Customer,19,Personal Travel,Eco Plus,1474,2,5,4,5,satisfied
Male,disloyal Customer,30,Business travel,Eco,4040,5,1,5,5,satisfied
Female,disloyal Customer,49,Personal Travel,Eco Plus,3577,4,4,1,2,neutral or dissatisfied
Male,disloyal Customer,48,Personal Travel,Eco,478,4,4,3,3,satisfied
Female,Loyal Customer,33,Business travel,Business,2544,4,1,4,2,neutral or dissatisfied
Female,disloyal Customer,49,Business travel,Business,4386,1,3,2,3,neutral or dissatisfied
Female,Loyal Customer,49,Personal Travel,Business,1034,4,3,1,5,satisfied
Female,Loyal Customer,51,Business travel,Eco Plus,1098,4,2,2,3,neutral or dissatisfied
Female,Loyal Customer,28,Personal Travel,Eco Plus,1087,2,5,3,5,satisfied
Female,disloyal Customer,27,Personal Travel,Eco,3095,3,2,2,5,neutral or dissatisfied
Male,disloyal Customer,32,Business travel,Eco,4604,4,3,1,2,neutral or dissatisfied
Male,disloyal Customer,34,Personal Travel,Eco,4888,5,1,1,2,neutral or dissatisfied
Male,Loyal Customer,57,Business travel,Eco Plus,3384,4,2,3,4,satisfied
Female,Loyal Customer,35,Business travel,Business,3218,1,4,1,1,neutral or dissatisfied
Female,disloyal Customer,26,Business travel,Eco,1031,1,4,3,4,neutral or dissatisfied
Female,Loyal Customer,42,Business travel,Business,1429,1,1,3,4,neutral or dissatisfied
Female,Loyal Customer,57,Personal Travel,Eco Plus,3746,4,3,1,3,neutral or dissatisfied
Male,Loyal Customer,31,Personal Travel,Eco Plus,1905,2,4,5,5,satisfied
Male,Loyal Customer,42,Personal Travel,Eco,4078,5,4,3,5,satisfied
Female,Loyal Customer,67,Business travel,Eco,3045,4,5,1,5,satisfied
Male,Loyal Customer,39,Business travel,Eco Plus,3470,2,2,5,1,neutral or dissatisfied
Male,Loyal Customer,69,Personal Travel,Eco Plus,4989,2,3,3,3,neutral or dissatisfied
Female,Loyal Customer,47,Business travel,Eco,3233,4,2,5,3,satisfied
Male,disloyal Customer,37,Personal Travel,Eco Plus,1515,4,3,4,5,satisfied
Female,Loyal Customer,38,Personal Travel,Business,624,2,4,4,4,satisfied
Male,Loyal Customer,61,Personal Travel,Business,2150,2,5,5,1,satisfied
Female,Loyal Customer,49,Personal Travel,Business,1790,2,2,3,4,neutral or dissatisfied
Female,Loyal Customer,68,Business travel,Eco,1193,4,4,1,2,neutral or dissatisfied
Female,disloyal Customer,63,Personal Travel,Eco,1690,2,3,2,3,neutral or dissatisfied
Female,disloyal Customer,66,Business travel,Eco Plus,3689,1,2,1,3,neutral or dissatisfied
Male,Loyal Customer,38,Personal Travel,Eco,4539,4,2,2,4,neutral or dissatisfied
Female,Loyal Customer,52,Business travel,Eco,4779,1,4,2,1,neutral or dissatisfied
Female,disloyal Customer,49,Personal Travel,Eco,2563,3,2,3,3,neutral or dissatisfied
Female,disloyal Customer,47,Personal Travel,Eco,3732,4,5,5,4,satisfied
Male,Loyal Customer,56,Business travel,Eco,2671,3,5,1,1,neutral or dissatisfied
Female,Loyal Customer,66,Business travel,Eco,3386,2,4,5,4,satisfied
Male,Loyal Customer,29,Personal Travel,Eco,4612,2,3,4,1,neutral or dissatisfied
Female,disloyal Customer,58,Business travel,Eco,1815,5,4,3,5,satisfied
Male,Loyal Customer,64,Business travel,Eco Plus,3217,2,5,3,1,neutral or dissatisfied
Male,disloyal Customer,35,Business travel,Eco Plus,2652,3,1,4,2,neutral or dissatisfied
Female,Loyal Customer,38,Business travel,Eco Plus,1467,2,1,1,5,neutral or dissatisfied
Male,Loyal Customer,30,Personal Travel,Eco,410,4,2,4,4,satisfied
Female,Loyal Customer,38,Business travel,Eco,4627,2,2,1,5,neutral or dissatisfied
Female,Loyal Customer,25,Business travel,Eco Plus,3955,5,1,2,5,satisfied
Female,Loyal Customer,63,Business travel,Eco Plus,4093,2,5,3,4,satisfied
Male,Loyal Customer,57,Business travel,Eco Plus,2055,3,2,1,4,neutral or dissatisfied
Male,Loyal Customer,63,Business travel,Eco,1877,3,4,5,2,satisfied
Female,disloyal Customer,24,Business travel,Business,1596,2,4,5,4,satisfied
Female,Loyal Customer,40,Business travel,Eco,4074,3,5,3,3,satisfied
Male,Loyal Customer,61,Business travel,Eco,2520,3,2,4,3,neutral or dissatisfied
Female,disloyal Customer,49,Personal Travel,Eco Plus,1272,5,4,4,2,satisfied
Female,disloyal Customer,28,Business travel,Eco Plus,1330,4,2,1,1,neutral or dissatisfied
Female,disloyal Customer,39,Business travel,Eco,2893,5,2,4,1,neutral or dissatisfied
Male,disloyal Customer,39,Business travel,Eco,4292,1,4,3,3,neutral or dissatisfied
Male,Loyal Customer,60,Business travel,Eco Plus,4913,5,1,1,4,neutral or dissatisfied
Male,Loyal Customer,42,Personal Travel,Eco,1213,2,4,2,2,neutral or dissatisfied
Female,disloyal Customer,39,Business travel,Eco,2481,4,5,4,1,satisfied
Female,Loyal Customer,45,Personal Travel,Eco,3497,2,3,4,1,neutral or dissatisfied
Female,Loyal Customer,46,Personal Travel,Business,1762,1,4,1,5,neutral or dissatisfied
Male,disloyal Customer,30,Business travel,Eco,2678,4,2,5,3,satisfied
Female,Loyal Customer,35,Personal Travel,Business,3754,3,2,4,4,satisfied
Female,Loyal Customer,19,Business travel,Eco Plus,3853,5,4,3,2,satisfied
Female,Loyal Customer,46,Business travel,Business,1607,2,3,4,1,neutral or dissatisfied
Female,Loyal Customer,38,Business travel,Business,1489,1,4,2,5,neutral or dissatisfied
Male,Loyal Customer,32,Business travel,Eco,987,3,3,4,3,satisfied
Male,Loyal Customer,69,Personal Travel,Eco,4961,5,3,5,3,satisfied
Female,disloyal Customer,44,Personal Travel,Eco,1507,3,5,4,2,satisfied
Male,Loyal Customer,67,Personal Travel,Eco,2194,5,2,1,1,neutral or dissatisfied
Male,Loyal Customer,48,Business travel,Eco Plus,2111,4,2,4,2,neutral or dissatisfied
Female,disloyal Customer,32,Business travel,Eco,3483,3,3,5,2,satisfied
Female,disloyal Customer,68,Business travel,Eco,4097,3,2,1,5,neutral or dissatisfied
Male,disloyal Customer,40,Personal Travel,Eco,1944,3,1,3,3,neutral or dissatisfied
Female,disloyal Customer,41,Business travel,Business,4268,4,3,1,4,neutral or dissatisfied
Male,Loyal Customer,61,Personal Travel,Eco,3016,1,2,2,3,neutral or dissatisfied
Female,Loyal Customer,30,Business travel,Eco,490,5,1,1,3,neutral or dissatisfied
Male,Loyal Customer,39,Business travel,Eco,1635,3,5,3,5,satisfied
Female,Loyal Customer,60,Personal Travel,Business,3406,4,2,4,4,satisfied
Male,Loyal Customer,54,Business travel,Eco Plus,678,1,1,1,1,neutral or dissatisfied
Male,Loyal Customer,50,Business travel,Eco,4782,5,4,1,4,satisfied
Male,disloyal Customer,20,Personal Travel,Eco,4129,4,4,1,1,neutral or dissatisfied
Female,Loyal Customer,36,Business travel,Eco,915,5,1,1,4,neutral or dissatisfied
Male,Loyal Customer,40,Personal Travel,Eco,2630,3,3,3,2,neutral or dissatisfied
Male,Loyal Customer,46,Business travel,Business,2054,1,3,5,4,satisfied
Female,Loyal Customer,47,Personal Travel,Eco Plus,763,4,2,5,5,satisfied
Female,Loyal Customer,56,Personal Travel,Eco,1266,1,4,1,1,neutral or dissatisfied
Male,disloyal Customer,61,Business travel,Business,4567,3,3,3,3,neutral or dissatisfied
Male,Loyal Customer,64,Business travel,Eco,3458,1,3,3,5,neutral or dissatisfied
Female,Loyal Customer,42,Personal Travel,Eco Plus,3924,1,4,1,1,neutral or dissatisfied
Female,Loyal Customer,54,Business travel,Business,989,2,5,2,1,neutral or dissatisfied
Female,disloyal Customer,64,Personal Travel,Eco,2922,1,3,1,3,neutral or dissatisfied
Female,Loyal Customer,25,Business travel,Eco Plus,2512,5,1,2,2,neutral or dissatisfied
Female,Loyal Customer,59,Business travel,Eco,682,4,2,1,5,neutral or dissatisfied
Male,Loyal Customer,33,Personal Travel,Eco,2556,2,3,2,3,neutral or dissatisfied
Female,Loyal Customer,25,Personal Travel,Eco,4110,4,3,2,3,neutral or dissatisfied
Male,disloyal Customer,18,Business travel,Eco,3803,4,5,1,2,neutral or dissatisfied
Male,disloyal Customer,61,Personal Travel,Eco Plus,1712,3,1,2,5,neutral or dissatisfied
Male,Loyal Customer,22,Business travel,Business,1883,3,2,4,3,neutral or dissatisfied
Female,disloyal Customer,20,Business travel,Eco Plus,671,2,3,5,2,neutral or dissatisfied
Male,disloyal Customer,18,Personal Travel,Business,910,3,2,3,5,satisfied
Male,disloyal Customer,21,Personal Travel,Business,415,3,4,2,4,satisfied
Female,disloyal Customer,57,Personal Travel,Eco,746,3,3,2,1,neutral or dissatisfied
Male,Loyal Customer,52,Business travel,Eco,1691,4,3,3,2,neutral or dissatisfied
Male,Loyal Customer,49,Business travel,Eco,3624,2,4,2,1,neutral or dissatisfied
Female,Loyal Customer,59,Business travel,Eco Plus,1640,4,5,3,4,satisfied
Male,disloyal Customer,51,Business travel,Business,4810,5,3,1,3,neutral or dissatisfied
Male,Loyal Customer,60,Business travel,Eco,3239,4,2,4,3,satisfied
Male,disloyal Customer,42,Personal Travel,Eco Plus,3999,5,1,4,5,satisfied
Female,disloyal Customer,27,Business travel,Eco Plus,1373,1,2,5,2,neutral or dissatisfied
Female,Loyal Customer,38,Personal Travel,Eco Plus,3869,1,5,2,2,neutral or dissatisfied
Female,disloyal Customer,63,Personal Travel,Eco,3450,5,1,5,5,satisfied
Male,Loyal Customer,56,Business travel,Eco,1905,5,2,1,1,neutral or dissatisfied
Male,Loyal Customer,44,Personal Travel,Eco,4957,4,2,4,3,satisfied
Female,disloyal Customer,44,Personal Travel,Eco,2594,5,4,1,3,satisfied
Male,Loyal Customer,19,Business travel,Eco,3962,2,5,1,2,neutral or dissatisfied
Male,disloyal Customer,58,Business travel,Eco Plus,4782,1,4,2,2,neutral or dissatisfied
Female,disloyal Customer,65,Business travel,Eco,1283,1,1,1,5,neutral or dissatisfied
Female,Loyal Customer,30,Business travel,Business,651,5,4,4,4,satisfied
Male,Loyal Customer,26,Personal Travel,Eco Plus,2024,3,5,5,1,satisfied
Male,Loyal Customer,69,Business travel,Eco Plus,2251,3,3,4,4,satisfied
Male,Loyal Customer,53,Personal Travel,Eco,1579,5,3,2,4,satisfied
Female,disloyal Customer,39,Personal Travel,Eco Plus,2207,2,1,4,2,neutral or dissatisfied
Female,Loyal Customer,59,Business travel,Business,1324,3,3,3,2,neutral or dissatisfied
Female,Loyal Customer,43,Personal Travel,Eco,845,5,4,5,2,satisfied
Female,Loyal Customer,29,Business travel,Eco,4474,2,1,3,4,neutral or dissatisfied
Male,Loyal Customer,34,Business travel,Eco Plus,2681,2,5,3,1,neutral or dissatisfied
Female,disloyal Customer,31,Personal Travel,Eco,1188,4,1,2,2,neutral or dissatisfied
Female,Loyal Customer,31,Business travel,Eco,1405,2,1,1,3,neutral or dissatisfied
Female,disloyal Customer,51,Business travel,Eco,2849,3,2,3,1,neutral or dissatisfied
Female,Loyal Customer,37,Business travel,Eco,2290,3,2,4,3,neutral or dissatisfied
Female,disloyal Customer,28,Business travel,Eco Plus,4298,5,1,1,1,neutral or dissatisfied
Male,Loyal Customer,33,Personal Travel,Eco,4075,5,3,4,2,satisfied
Male,Loyal Customer,68,Business travel,Business,3112,2,2,4,5,satisfied
Female,disloyal Customer,48,Business travel,Eco Plus,1220,1,5,1,2,neutral or dissatisfied
Male,Loyal Customer,23,Business travel,Eco Plus,4945,4,4,1,4,satisfied
Female,disloyal Customer,36,Personal Travel,Eco Plus,2361,1,2,4,4,neutral or dissatisfied
Female,Loyal Customer,54,Business travel,Business,4787,2,1,2,1,neutral or dissatisfied
Male,Loyal Customer,21,Business travel,Eco,3939,2,3,5,4,satisfied
Male,Loyal Customer,64,Business travel,Business,3465,1,4,5,2,neutral or dissatisfied
Female,disloyal Customer,21,Business travel,Eco Plus,4735,4,2,2,3,neutral or dissatisfied
Female,Loyal Customer,37,Personal Travel,Eco Plus,2944,1,3,1,2,neutral or dissatisfied
Female,Loyal Customer,27,Personal Travel,Eco Plus,1345,5,3,4,1,satisfied
Male,Loyal Customer,41,Business travel,Eco,3856,3,3,5,4,satisfied
Female,Loyal Customer,52,Personal Travel,Eco,2981,5,1,4,3,satisfied
Female,Loyal Customer,43,Business travel,Eco Plus,3499,3,5,2,5,satisfied
Female,disloyal Customer,54,Personal Travel,Eco,1238,2,3,4,3,neutral or dissatisfied
Male,disloyal Customer,55,Personal Travel,Eco Plus,741,4,4,2,3,satisfied
Female,disloyal Customer,38,Business travel,Eco,2850,1,2,1,2,neutral or dissatisfied
Female,disloyal Customer,57,Personal Travel,Eco,4525,4,4,2,5,satisfied
Male,Loyal Customer,56,Personal Travel,Eco,896,1,1,2,1,neutral or dissatisfied
Female,disloyal Customer,38,Business travel,Eco,1805,5,1,5,1,neutral or dissatisfied
Female,Loyal Customer,27,Business travel,Eco Plus,1161,5,4,4,3,satisfied
Male,Loyal Customer,55,Business travel,Eco,2940,1,5,5,3,satisfied
Female,Loyal Customer,63,Personal Travel,Business,4031,4,1,3,4,neutral or dissatisfied
Male,Loyal Customer,21,Personal Travel,Eco Plus,1851,1,1,2,5,neutral or dissatisfied
Male,disloyal Customer,62,Personal Travel,Eco,3536,2,4,3,3,neutral or dissatisfied
Female,Loyal Customer,37,Personal Travel,Eco Plus,2036,5,1,5,4,satisfied
Female,Loyal Customer,34,Business travel,Business,1749,2,5,4,5,satisfied
Female,Loyal Customer,24,Personal Travel,Eco Plus,564,5,5,5,1,satisfied
Female,disloyal Customer,21,Personal Travel,Eco,2959,5,5,4,4,satisfied
Male,Loyal Customer,46,Business travel,Business,3021,3,2,4,5,satisfied
Female,Loyal Customer,31,Business travel,Eco Plus,1762,2,5,1,4,neutral or dissatisfied
Male,Loyal Customer,20,Personal Travel,Eco,4552,2,5,2,3,neutral or dissatisfied
Female,disloyal Customer,41,Business travel,Eco,1745,3,2,5,2,neutral or dissatisfied
Female,Loyal Customer,54,Personal Travel,Eco Plus,2598,4,3,4,1,neutral or dissatisfied
Female,Loyal Customer,33,Business travel,Eco,3225,2,1,5,3,neutral or dissatisfied
Male,Loyal Customer,69,Business travel,Business,1932,1,5,5,3,satisfied
Female,Loyal Customer,21,Personal Travel,Eco,2674,3,1,4,5,satisfied
Female,Loyal Customer,41,Business travel,Business,812,2,4,3,4,satisfied
Female,Loyal Customer,51,Business travel,Eco Plus,515,4,1,2,1,neutral or dissatisfied
Female,disloyal Customer,47,Business travel,Eco,3631,2,2,2,3,neutral or dissatisfied
Male,Loyal Customer,35,Personal Travel,Eco,2472,5,1,1,5,neutral or dissatisfied
Female,Loyal Customer,36,Business travel,Eco Plus,3453,1,1,1,1,neutral or dissatisfied
Male,disloyal Customer,48,Personal Travel,Eco Plus,2006,3,1,1,4,neutral or dissatisfied
Male,Loyal Customer,36,Business travel,Eco Plus,2406,5,3,2,3,satisfied
Male,Loyal Customer,66,Personal Travel,Eco,1867,4,3,3,3,satisfied
Male,Loyal Customer,63,Personal Travel,Eco,2508,5,4,2,3,satisfied
Male,Loyal Customer,36,Business travel,Eco,2631,5,2,2,1,neutral or dissatisfied
Male,disloyal Customer,39,Business travel,Eco Plus,2453,4,1,2,1,neutral or dissatisfied
Female,Loyal Customer,41,Business travel,Eco,1428,5,1,2,1,neutral or dissatisfied
Male,disloyal Customer,62,Business travel,Eco,3810,3,1,3,1,neutral or dissatisfied
Male,Loyal Customer,29,Business travel,Eco Plus,4623,2,1,1,5,neutral or dissatisfied
Male,Loyal Customer,47,Business travel,Business,3953,5,3,5,2,satisfied
Female,Loyal Customer,55,Business travel,Eco,2665,3,4,1,5,satisfied
Female,Loyal Customer,48,Business travel,Eco,3221,2,5,1,3,neutral or dissatisfied
Male,Loyal Customer,53,Business travel,Eco Plus,4867,2,2,5,5,satisfied
Female,disloyal Customer,36,Business travel,Eco Plus,1379,5,1,2,4,neutral or dissatisfied
Male,Loyal Customer,65,Personal Travel,Eco,3811,3,4,3,1,neutral or dissatisfied
Male,disloyal Customer,62,Business travel,Business,3041,5,5,3,4,satisfied
Female,Loyal Customer,53,Business travel,Business,3320,4,4,1,4,satisfied
Male,disloyal Customer,47,Business travel,Eco,528,2,3,5,3,satisfied
Female,disloyal Customer,66,Personal Travel,Eco,470,5,5,4,1,satisfied
Female,disloyal Customer,50,Personal Travel,Eco Plus,594,2,4,2,4,neutral or dissatisfied
Male,disloyal Customer,35,Personal Travel,Eco Plus,4584,3,3,1,3,neutral or dissatisfied
Male,disloyal Customer,69,Personal Travel,Eco,725,1,4,3,1,neutral or dissatisfied
Female,Loyal Customer,66,Business travel,Eco Plus,1218,5,4,5,2,satisfied
Male,Loyal Customer,45,Personal Travel,Eco Plus,3553,5,5,5,3,satisfied
Male,Loyal Customer,64,Personal Travel,Eco,798,2,3,1,5,neutral or dissatisfied
Male,disloyal Customer,28,Business travel,Eco Plus,3109,3,1,4,1,neutral or dissatisfied
Female,Loyal Customer,62,Personal Travel,Business,1125,4,2,3,4,satisfied
Female,disloyal Customer,50,Business travel,Eco,4079,3,5,1,4,satisfied
Male,Loyal Customer,34,Personal Travel,Eco,2158,5,3,4,5,satisfied
Female,Loyal Customer,23,Business travel,Eco,2418,4,4,5,5,satisfied
Female,Loyal Customer,21,Business travel,Business,445,3,3,2,4,neutral or dissatisfied
Female,Loyal Customer,37,Personal Travel,Business,4865,1,2,3,1,neutral or dissatisfied
Female,Loyal Customer,65,Business travel,Eco,3877,2,2,3,3,neutral or dissatisfied
Female,Loyal Customer,64,Business travel,Eco Plus,492,3,1,4,5,satisfied
Male,Loyal Customer,44,Business travel,Eco Plus,4188,3,1,1,5,neutral or dissatisfied
Male,Loyal Customer,32,Personal Travel,Eco Plus,351,1,2,5,5,satisfied
Male,Loyal Customer,23,Business travel,Eco,2710,5,5,4,2,satisfied
Female,Loyal Customer,64,Business travel,Eco,2120,2,5,2,1,neutral or dissatisfied
Female,disloyal Customer,31,Personal Travel,Eco,3264,3,4,2,1,neutral or dissatisfied
Male,Loyal Customer,28,Personal Travel,Eco Plus,2821,4,1,2,1,neutral or dissatisfied
Female,Loyal Customer,56,Business travel,Eco,2169,3,4,4,1,neutral or dissatisfied
Male,Loyal Customer,26,Personal Travel,Business,2868,2,1,5,1,neutral or dissatisfied
Male,Loyal Customer,43,Personal Travel,Eco,2167,3,2,3,4,neutral or dissatisfied
Male,Loyal Customer,33,Personal Travel,Eco,3038,1,5,1,5,neutral or dissatisfied
Female,Loyal Customer,22,Business travel,Eco Plus,3569,3,5,3,4,satisfied
Female,Loyal Customer,69,Business travel,Eco Plus,3499,3,2,5,2,neutral or dissatisfied
Male,Loyal Customer,27,Business travel,Eco,2879,4,4,3,3,satisfied
Male,Loyal Customer,67,Business travel,Eco,4305,1,4,4,5,satisfied
Male,disloyal Customer,20,Business travel,Business,540,1,3,2,2,neutral or dissatisfied
Male,disloyal Customer,30,Business travel,Eco,3740,3,1,5,4,satisfied
Female,Loyal Customer,60,Business travel,Eco,4931,4,4,5,3,satisfied
Female,Loyal Customer,66,Business travel,Business,1707,3,2,3,2,neutral or dissatisfied
Male,Loyal Customer,47,Business travel,Eco,3802,3,4,4,3,satisfied
Male,Loyal Customer,62,Personal Travel,Eco,4338,2,5,3,2,neutral or dissatisfied
Female,disloyal Customer,23,Business travel,Eco,382,2,1,3,4,neutral or dissatisfied
Female,Loyal Customer,34,Business travel,Eco,4068,4,3,5,3,satisfied
Male,Loyal Customer,62,Personal Travel,Eco,1250,5,1,3,2,neutral or dissatisfied
Male,Loyal Customer,68,Business travel,Eco,910,2,5,2,4,satisfied
Male,disloyal Customer,36,Personal Travel,Eco,4969,5,5,3,5,satisfied
Female,Loyal Customer,59,Personal Travel,Eco,3905,1,5,2,4,neutral or dissatisfied
Female,Loyal Customer,52,Business travel,Eco Plus,4854,2,5,5,4,satisfied
Female,Loyal Customer,63,Personal Travel,Eco,3583,2,2,4,5,satisfied
Male,Loyal Customer,43,Business travel,Eco,2473,4,3,2,4,satisfied
Male,Loyal Customer,68,Business travel,Business,3784,5,5,4,5,satisfied
Female,Loyal Customer,22,Business travel,Eco Plus,1822,2,5,4,5,satisfied
Female,Loyal Customer,46,Business travel,Eco,2901,2,4,2,5,satisfied
Male,Loyal Customer,54,Personal Travel,Business,2957,4,3,5,2,satisfied
Female,Loyal Customer,37,Business travel,Eco,2459,4,1,1,3,neutral or dissatisfied
Female,Loyal Customer,66,Business travel,Eco,2749,5,3,4,2,satisfied
Male,Loyal Customer,38,Business travel,Eco Plus,4130,1,3,4,5,satisfied
Female,Loyal Customer,27,Business travel,Eco Plus,421,1,3,5,3,neutral or dissatisfied
Male,disloyal Customer,22,Business travel,Eco,4668,3,5,5,3,satisfied
Male,Loyal Customer,53,Business travel,Eco,1617,2,5,3,5,satisfied
Male,Loyal Customer,23,Personal Travel,Eco Plus,4793,5,2,5,3,satisfied
Male,Loyal Customer,43,Business travel,Eco,2818,2,1,4,3,neutral or dissatisfied
Male,Loyal Customer,21,Business travel,Business,1530,5,4,2,2,satisfied
Male,disloyal Customer,56,Business travel,Eco,1433,5,3,1,3,neutral or dissatisfied
Male,Loyal Customer,56,Business travel,Business,1601,5,1,3,5,satisfied
Female,disloyal Customer,67,Personal Travel,Eco Plus,4334,2,1,2,1,neutral or dissatisfied
Male,Loyal Customer,52,Business travel,Business,2210,4,2,1,1,neutral or dissatisfied
Male,Loyal Customer,18,Business travel,Eco Plus,1805,2,4,1,1,neutral or dissatisfied
Female,disloyal Customer,41,Business travel,Eco Plus,3485,5,3,1,5,satisfied
Female,disloyal Customer,53,Personal Travel,Eco,2216,3,4,2,1,neutral or dissatisfied
Female,disloyal Customer,23,Business travel,Eco,3848,1,2,3,2,neutral or dissatisfied
Male,disloyal Customer,58,Business travel,Eco,3057,5,5,3,5,satisfied
Female,Loyal Customer,63,Personal Travel,Business,2256,3,1,1,5,neutral or dissatisfied
Male,disloyal Customer,61,Business travel,Business,478,4,3,2,5,satisfied
Male,Loyal Customer,48,Personal Travel,Eco,1196,5,5,1,3,satisfied
Male,disloyal Customer,37,Personal Travel,Eco,1851,3,2,5,3,satisfied
Male,Loyal Customer,41,Business travel,Eco,791,5,4,3,3,satisfied
Female,disloyal Customer,42,Business travel,Eco Plus,360,2,1,4,4,neutral or dissatisfied
Female,Loyal Customer,53,Business travel,Eco,1377,3,3,1,2,neutral or dissatisfied
Male,Loyal Customer,38,Business travel,Eco Plus,3195,2,5,5,5,satisfied
Male,Loyal Customer,47,Personal Travel,Business,4460,2,5,3,5,satisfied
Male,disloyal Customer,41,Business travel,Eco,3983,3,1,2,3,neutral or dissatisfied
Female,Loyal Customer,61,Business travel,Eco,885,1,4,3,5,satisfied
Male,Loyal Customer,59,Personal Travel,Eco,4260,3,2,2,5,neutral or dissatisfied
Male,Loyal Customer,47,Business travel,Eco,4070,1,4,2,1,neutral or dissatisfied
Female,Loyal Customer,39,Business travel,Eco,834,5,4,1,5,satisfied
Female,disloyal Customer,45,Business travel,Eco,3762,5,4,1,4,satisfied
Male,Loyal Customer,24,Business travel,Business,4311,3,1,3,3,neutral or dissatisfied
Female,disloyal Customer,52,Personal Travel,Eco,3698,5,1,5,2,satisfied
Female,Loyal Customer,45,Business travel,Eco,2455,4,2,3,2,neutral or dissatisfied
Male,Loyal Customer,31,Business travel,Business,1304,2,4,4,1,neutral or dissatisfied
Female,disloyal Customer,27,Business travel,Eco Plus,2799,2,1,2,2,neutral or dissatisfied
Male,Loyal Customer,33,Business travel,Eco,626,1,2,2,2,neutral or dissatisfied
Female,Loyal Customer,33,Business travel,Eco Plus,3006,5,2,1,3,neutral or dissatisfied
Male,Loyal Customer,48,Business travel,Eco,301,1,4,5,3,satisfied
Male,disloyal Customer,59,Business travel,Eco Plus,1333,2,3,1,4,neutral or dissatisfied
Male,Loyal Customer,42,Personal Travel,Eco Plus,2781,2,4,4,1,neutral or dissatisfied
Female,disloyal Customer,30,Business travel,Eco Plus,424,5,3,3,2,satisfied
Male,disloyal Customer,23,Business travel,Eco,1404,4,2,3,4,satisfied
Female,Loyal Customer,61,Business travel,Business,2999,4,1,5,1,neutral or dissatisfied
Male,Loyal Customer,26,Personal Travel,Eco,2161,5,5,1,2,satisfied
Male,Loyal Customer,62,Personal Travel,Eco,3220,5,2,1,2,neutral or dissatisfied
Female,Loyal Customer,53,Business travel,Eco,428,1,1,4,3,neutral or dissatisfied
Male,Loyal Customer,60,Personal Travel,Eco,737,5,2,3,5,satisfied
Male,Loyal Customer,37,Business travel,Eco,2848,4,4,1,1,neutral or dissatisfied
Female,Loyal Customer,35,Business travel,Business,3429,5,3,5,2,satisfied
Male,disloyal Customer,60,Business travel,Business,1521,1,2,3,1,neutral or dissatisfied
Male,disloyal Customer,38,Business travel,Eco,1201,1,1,4,4,neutral or dissatisfied
Male,disloyal Customer,21,Personal Travel,Eco,3468,1,4,5,4,satisfied
Male,Loyal Customer,67,Business travel,Eco,4786,1,5,2,5,satisfied
Female,Loyal Customer,50,Business travel,Eco,4218,3,4,4,2,satisfied
Female,Loyal Customer,44,Personal Travel,Eco,1367,5,3,5,3,satisfied
Male,disloyal Customer,24,Business travel,Business,326,2,4,1,2,neutral or dissatisfied
Female,Loyal Customer,23,Business travel,Eco,847,5,5,2,1,satisfied
Male,disloyal Customer,32,Business travel,Eco,2968,3,1,4,4,neutral or dissatisfied
Female,Loyal Customer,35,Business travel,Eco,866,1,2,1,1,neutral or dissatisfied
Male,Loyal Customer,49,Business travel,Business,1003,3,3,2,5,satisfied
Male,disloyal Customer,28,Personal Travel,Eco Plus,4580,4,5,3,4,satisfied
Male,Loyal Customer,37,Business travel,Business,3440,4,3,1,3,neutral or dissatisfied
Male,disloyal Customer,41,Business travel,Eco Plus,1890,5,4,5,4,satisfied
Male,disloyal Customer,32,Personal Travel,Eco,4994,5,3,4,2,satisfied
Male,Loyal Customer,65,Personal Travel,Eco,1105,2,5,2,2,neutral or dissatisfied
Female,Loyal Customer,24,Business travel,Eco Plus,4091,2,2,1,4,neutral or dissatisfied
Male,Loyal Customer,38,Business travel,Eco,1657,4,2,3,5,satisfied
Female,disloyal Customer,59,Business travel,Eco Plus,3525,1,3,4,2,neutral or dissatisfied
Male,Loyal Customer,43,Business travel,Eco,3918,3,1,4,2,neutral or dissatisfied
Female,Loyal Customer,61,Business travel,Eco,2426,2,3,1,3,neutral or dissatisfied
Female,Loyal Customer,31,Business travel,Eco Plus,2760,2,4,3,4,satisfied
Female,disloyal Customer,54,Personal Travel,Eco Plus,845,1,2,2,2,neutral or dissatisfied
Male,Loyal Customer,38,Business travel,Eco Plus,3028,1,2,1,5,neutral or dissatisfied
Male,disloyal Customer,35,Personal Travel,Eco,4034,5,2,2,1,neutral or dissatisfied
Female,disloyal Customer,22,Business travel,Eco Plus,2862,3,1,4,4,neutral or dissatisfied
Male,Loyal Customer,20,Personal Travel,Eco,2379,1,1,2,3,neutral or dissatisfied
Female,Loyal Customer,40,Business travel,Eco,2941,2,5,3,2,neutral or dissatisfied
Male,disloyal Customer,43,Personal Travel,Eco,3414,2,3,5,5,satisfied
Female,Loyal Customer,54,Business travel,Eco,2226,4,3,3,4,satisfied
Female,disloyal Customer,41,Business travel,Eco,916,1,4,2,5,neutral or dissatisfied
Male,Loyal Customer,66,Business travel,Eco,3944,5,2,1,5,satisfied
Female,Loyal Customer,36,Personal Travel,Eco,1503,3,1,4,3,neutral or dissatisfied
Male,disloyal Customer,68,Business travel,Eco,2059,5,4,5,4,satisfied
Female,Loyal Customer,42,Business travel,Eco,2865,2,4,1,2,neutral or dissatisfied
Female,Loyal Customer,38,Business travel,Eco,3474,5,1,1,3,neutral or dissatisfied
Male,Loyal Customer,29,Business travel,Eco,3381,2,3,3,2,neutral or dissatisfied
Male,Loyal Customer,58,Business travel,Eco Plus,2930,2,2,2,1,neutral or dissatisfied
Male,Loyal Customer,50,Business travel,Eco,3461,2,3,3,5,satisfied
Female,Loyal Customer,67,Personal Travel,Eco,4621,2,4,2,1,neutral or dissatisfied
Male,disloyal Customer,21,Personal Travel,Eco,969,2,2,3,5,neutral or dissatisfied
Female,Loyal Customer,59,Personal Travel,Eco Plus,3468,4,5,1,3,satisfied
Female,Loyal Customer,24,Business travel,Business,2421,5,4,4,2,satisfied
Male,Loyal Customer,39,Personal Travel,Eco Plus,4378,4,3,2,2,neutral or dissatisfied
Male,disloyal Customer,50,Personal Travel,Eco Plus,4451,4,3,5,3,satisfied
Female,Loyal Customer,34,Personal Travel,Eco,1019,1,3,5,4,satisfied
Female,disloyal Customer,41,Business travel,Eco Plus,2900,1,1,1,1,neutral or dissatisfied
Male,Loyal Customer,51,Business travel,Eco Plus,3898,1,4,3,1,neutral or dissatisfied
Male,Loyal Customer,45,Personal Travel,Eco,4969,3,2,3,2,neutral or dissatisfied
Male,Loyal Customer,60,Business travel,Eco,966,1,3,1,2,neutral or dissatisfied
Male,Loyal Customer,58,Business travel,Eco,583,5,3,5,2,satisfied
Male,Loyal Customer,56,Business travel,Business,4203,4,1,5,3,satisfied
Female,Loyal Customer,39,Personal Travel,Eco Plus,3865,5,2,3,4,satisfied
Female,disloyal Customer,66,Personal Travel,Eco Plus,2534,1,4,2,1,neutral or dissatisfied
Female,Loyal Customer,34,Personal Travel,Eco,4893,3,5,4,5,satisfied
Female,Loyal Customer,51,Business travel,Eco,1765,3,1,2,3,neutral or dissatisfied
Male,Loyal Customer,23,Business travel,Eco,429,4,4,5,1,satisfied
Male,disloyal Customer,63,Business travel,Eco,2360,5,5,2,4,satisfied
Male,Loyal Customer,23,Business travel,Business,3972,2,3,4,3,neutral or dissatisfied
Female,Loyal Customer,51,Business travel,Eco Plus,2794,5,3,2,1,neutral or dissatisfied
Female,Loyal Customer,18,Business travel,Eco,1292,1,2,2,3,neutral or dissatisfied
Male,disloyal Customer,27,Business travel,Business,2421,2,5,2,1,neutral or dissatisfied
Male,Loyal Customer,38,Business travel,Eco,2884,3,3,2,1,neutral or dissatisfied
Female,Loyal Customer,22,Personal Travel,Business,4496,4,3,1,4,neutral or dissatisfied
Female,disloyal Customer,19,Business travel,Eco,2523,4,2,5,5,satisfied
Male,disloyal Customer,39,Personal Travel,Eco,4822,3,4,4,4,satisfied
Male,Loyal Customer,65,Business travel,Eco,3488,1,3,5,1,neutral or dissatisfied
Female,disloyal Customer,19,Business travel,Eco,3537,3,1,1,3,neutral or dissatisfied
Male,Loyal Customer,27,Business travel,Eco,4436,1,1,1,4,neutral or dissatisfied
Male,Loyal Customer,51,Business travel,Eco Plus,4824,2,4,1,5,neutral or dissatisfied
Male,Loyal Customer,33,Business travel,Business,643,3,5,1,1,neutral or dissatisfied
Female,Loyal Customer,65,Personal Travel,Eco Plus,4761,1,2,2,4,neutral or dissatisfied
Female,Loyal Customer,68,Business travel,Eco,2576,2,1,5,4,neutral or dissatisfied
Female,disloyal Customer,56,Business travel,Eco Plus,3501,3,1,3,4,neutral or dissatisfied
Female,Loyal Customer,39,Business travel,Eco,1188,4,4,4,4,satisfied
Female,Loyal Customer,29,Personal Travel,Eco,2343,3,5,1,3,neutral or dissatisfied
Female,Loyal Customer,41,Personal Travel,Eco Plus,1641,5,5,5,5,satisfied
Female,disloyal Customer,64,Personal Travel,Eco Plus,4020,3,4,1,5,satisfied
Male,Loyal Customer,57,Business travel,Eco,3183,5,1,1,1,neutral or dissatisfied
Male,Loyal Customer,55,Personal Travel,Eco,4512,2,2,1,2,neutral or dissatisfied
Male,Loyal Customer,27,Personal Travel,Business,2715,3,1,1,3,neutral or dissatisfied
Male,Loyal Customer,52,Business travel,Eco,1417,2,5,1,1,neutral or dissatisfied
Male,disloyal Customer,68,Personal Travel,Eco,4563,2,1,4,1,neutral or dissatisfied
Male,disloyal Customer,66,Business travel,Eco Plus,3301,1,2,5,4,neutral or dissatisfied
Male,Loyal Customer,49,Personal Travel,Eco,2038,2,3,1,2,neutral or dissatisfied
Female,disloyal Customer,24,Personal Travel,Eco,1664,2,1,1,2,neutral or dissatisfied
Female,Loyal Customer,38,Business travel,Eco,3008,3,4,1,3,neutral or dissatisfied
Male,disloyal Customer,37,Business travel,Eco Plus,1224,3,3,1,2,neutral or dissatisfied
Male,Loyal Customer,43,Personal Travel,Eco Plus,451,4,4,2,1,neutral or dissatisfied
Female,Loyal Customer,21,Business travel,Eco Plus,885,1,4,2,2,neutral or dissatisfied
Male,Loyal Customer,63,Business travel,Business,1212,2,4,3,2,neutral or dissatisfied
Male,Loyal Customer,69,Personal Travel,Eco Plus,2621,1,1,1,5,neutral or dissatisfied
Female,Loyal Customer,39,Business travel,Eco,795,5,5,3,1,satisfied
Male,Loyal Customer,32,Business travel,Eco,4095,2,3,4,2,neutral or dissatisfied
Female,Loyal Customer,57,Business travel,Eco Plus,2448,1,2,3,2,neutral or dissatisfied
Male,disloyal Customer,38,Business travel,Eco Plus,856,4,5,5,4,satisfied
Female,Loyal Customer,32,Business travel,Eco Plus,1852,4,1,2,2,neutral or dissatisfied
Female,Loyal Customer,39,Business travel,Eco Plus,2420,2,4,2,2,neutral or dissatisfied
Female,disloyal Customer,69,Business travel,Eco,3385,5,2,1,5,satisfied
Male,Loyal Customer,45,Business travel,Eco,3804,4,3,1,1,neutral or dissatisfied
Female,Loyal Customer,31,Personal Travel,Eco,456,4,5,4,3,satisfied
Male,Loyal Customer,44,Business travel,Eco,1034,5,5,4,1,satisfied
Male,disloyal Customer,58,Business travel,Eco,4954,1,2,5,4,neutral or dissatisfied
Male,Loyal Customer,57,Personal Travel,Eco Plus,3576,4,1,1,1,neutral or dissatisfied
Male,Loyal Customer,45,Business travel,Eco Plus,454,3,3,1,2,neutral or dissatisfied
Female,disloyal Customer,43,Business travel,Eco,1296,4,2,4,4,satisfied
Female,disloyal Customer,66,Business travel,Eco,2594,1,4,4,1,neutral or dissatisfied
Male,Loyal Customer,19,Personal Travel,Eco,4926,1,3,4,4,neutral or dissatisfied
Male,Loyal Customer,42,Business travel,Eco,3205,2,5,2,3,neutral or dissatisfied
Female,Loyal Customer,20,Business travel,Eco Plus,1477,3,2,3,1,neutral or dissatisfied
Male,disloyal Customer,25,Personal Travel,Eco Plus,453,1,5,3,2,neutral or dissatisfied
Female,Loyal Customer,61,Business travel,Eco Plus,4487,5,5,1,4,satisfied
Male,Loyal Customer,50,Business travel,Eco Plus,2016,3,5,2,5,satisfied
Male,disloyal Customer,59,Business travel,Eco Plus,3502,3,1,4,4,neutral or dissatisfied
Female,Loyal Customer,69,Business travel,Eco,3157,5,5,1,5,satisfied
Male,Loyal Customer,52,Personal Travel,Eco,1086,4,4,2,2,neutral or dissatisfied
Female,Loyal Customer,23,Business travel,Eco,4668,5,4,5,3,satisfied
Male,Loyal Customer,56,Business travel,Business,4572,5,3,2,5,satisfied
Male,Loyal Customer,69,Business travel,Eco,4067,4,5,1,3,satisfied
Male,Loyal Customer,40,Personal Travel,Eco,3178,4,5,3,4,satisfied
Female,Loyal Customer,42,Business travel,Business,942,4,2,4,2,neutral or dissatisfied
Male,Loyal Customer,67,Business travel,Business,4962,4,1,5,5,satisfied
Male,disloyal Customer,60,Business travel,Eco Plus,965,4,3,2,4,satisfied
Male,Loyal Customer,36,Business travel,Eco,3726,5,5,1,1,neutral or dissatisfied
Male,disloyal Customer,22,Business travel,Eco,4083,2,2,1,4,neutral or dissatisfied
Female,Loyal Customer,68,Business travel,Eco,4001,2,1,4,3,neutral or dissatisfied
Female,disloyal Customer,28,Business travel,Eco,1369,1,3,1,2,neutral or dissatisfied
Male,disloyal Customer,29,Business travel,Eco,2649,2,3,1,2,neutral or dissatisfied
Female,Loyal Customer,27,Business travel,Eco,4803,2,5,4,4,satisfied
Male,disloyal Customer,25,Personal Travel,Business,1512,5,3,5,1,satisfied
Male,disloyal Customer,41,Business travel,Eco,1452,4,2,3,3,neutral or dissatisfied
Male,Loyal Customer,45,Personal Travel,Eco Plus,2811,4,3,3,4,satisfied
Female,Loyal Customer,58,Business travel,Eco Plus,443,5,4,2,4,satisfied
Female,Loyal Customer,53,Business travel,Eco,2789,2,2,5,2,neutral or dissatisfied
Female,disloyal Customer,54,Business travel,Eco Plus,3528,5,1,2,3,neutral or dissatisfied
Female,disloyal Customer,38,Business travel,Eco,4882,1,1,3,1,neutral or dissatisfied
Female,disloyal Customer,25,Business travel,Eco,3505,4,5,4,2,satisfied
Female,Loyal Customer,26,Personal Travel,Eco Plus,4543,3,5,1,4,satisfied
Female,disloyal Customer,64,Business travel,Eco,3442,1,4,3,2,neutral or dissatisfied
Female,Loyal Customer,32,Personal Travel,Business,3604,1,1,5,2,neutral or dissatisfied
Female,Loyal Customer,65,Business travel,Eco,1657,5,1,3,5,satisfied
Male,Loyal Customer,63,Personal Travel,Eco Plus,3013,2,1,5,2,neutral or dissatisfied
Female,Loyal Customer,57,Business travel,Eco,4485,4,1,5,2,neutral or dissatisfied
Female,Loyal Customer,35,Personal Travel,Eco,1657,3,3,5,3,satisfied
Female,Loyal Customer,59,Business travel,Eco,4594,1,2,2,2,neutral or dissatisfied
Female,Loyal Customer,37,Personal Travel,Eco Plus,4933,3,2,4,1,neutral or dissatisfied
Female,Loyal Customer,23,Business travel,Business,3492,2,4,3,4,satisfied
Female,Loyal Customer,29,Personal Travel,Business,600,2,3,4,3,neutral or dissatisfied
Female,Loyal Customer,19,Business travel,Eco,1023,3,1,1,2,neutral or dissatisfied
Female,Loyal Customer,24,Personal Travel,Eco Plus,3310,4,1,3,1,neutral or dissatisfied
Female,Loyal Customer,33,Business travel,Eco Plus,367,2,5,4,4,satisfied
Female,Loyal Customer,20,Personal Travel,Eco Plus,4136,3,5,4,3,satisfied
Female,Loyal Customer,62,Personal Travel,Eco,4293,1,4,1,1,neutral or dissatisfied
Male,Loyal Customer,20,Personal Travel,Eco Plus,2806,3,1,5,2,neutral or dissatisfied
Male,Loyal Customer,44,Business travel,Business,1837,3,4,3,5,satisfied
Female,Loyal Customer,67,Business travel,Eco,697,5,3,3,5,satisfied
Female,Loyal Customer,60,Personal Travel,Business,3657,2,2,1,3,neutral or dissatisfied
Male,disloyal Customer,57,Business travel,Eco Plus,1463,4,1,5,1,neutral or dissatisfied
